0,0,0,0,0,0,0,0,0,0,0,0,0,0,0,0,0,0,0,0,0,0,0,0,0,0,0,0,0,0,0,0,0,0,0,0,0,0,0,0,0,0,0,0,0,0,0,0,0,0,0,0,0,0,0,0,0,0,0,0,0,0,0,0,0,0,0,0,0,0,0,0,0,0,0,0,0,0,0,0,0,0,0,0,0,0,0,0,0,0,0,0,0,0,0,0,0,0,0,0,0,0,0,0,0,0,0,0,0,0,0,0,0,0,0,0,0,0,0,0,0,0,0,0,0,0,0,0,0,0,0,0,0,0,0,0,0,0,0,0,0,0,0,0,0,0,0,0,0,0,0,0,0,0,0,0,0,0,0,0,0,0,0,0,0,0,0,0,0,0,0,0,0,0,0,0,0,0,0,0,0,0,0,0,0,0,0,0
0,0,0,0,0,0,0,0,0,0,0,0,0,0,0,0,0,0,0,0,0,0,0,0,0,0,0,0,0,0,0,0,0,0,0,0,0,0,0,0,0,0,0,0,0,0,0,0,0,0,0,0,0,0,0,0,0,0,0,0,0,0,0,0,0,0,0,0,0,0,0,0,0,0,0,0,0,0,0,0,0,0,0,0,0,0,0,0,0,0,0,0,0,0,0,0,0,0,0,0,0,0,0,0,0,0,0,0,0,0,0,0,0,0,0,0,0,0,0,0,0,0,0,0,0,0,0,0,0,0,0,0,0,0,0,0,0,0,0,0,0,0,0,0,0,0,0,0,0,0,0,0,0,0,0,0,0,0,0,0,0,0,0,0,0,0,0,0,0,0,0,0,0,0,0,0,0,0,0,0,0,0,0,0,0,0,0,0
0,0,0,0,0,0,0,0,0,0,0,0,0,0,0,0,0,0,0,0,0,0,0,0,0,0,0,0,0,0,0,0,0,0,0,0,0,0,0,0,0,0,0,0,0,0,0,0,0,0,0,0,0,0,0,0,0,0,0,0,0,0,0,0,0,0,0,0,0,0,0,0,0,0,0,0,0,0,0,0,0,0,0,0,0,0,0,0,0,0,0,0,0,0,0,0,0,0,0,0,0,0,0,0,0,0,0,0,0,0,0,0,0,0,0,0,0,0,0,0,0,0,0,0,0,0,0,0,0,0,0,0,0,0,0,0,0,0,0,0,0,0,0,0,0,0,0,0,0,0,0,0,0,0,0,0,0,0,0,0,0,0,0,0,0,0,0,0,0,0,0,0,0,0,0,0,0,0,0,0,0,0,0,0,0,0,0,0
0,0,0,0,0,0,0,0,0,0,0,0,0,0,0,0,0,0,0,0,0,0,0,0,0,0,0,0,0,0,0,0,0,0,0,0,0,0,0,0,0,0,0,0,0,0,0,0,0,0,0,0,0,0,0,0,0,0,0,0,0,0,0,0,0,0,0,0,0,0,0,0,0,0,0,0,0,0,0,0,0,0,0,0,0,0,0,0,0,0,0,0,0,0,0,0,0,0,0,0,0,0,0,0,0,0,0,0,0,0,0,0,0,0,0,0,0,0,0,0,0,0,0,0,0,0,0,0,0,0,0,0,0,0,0,0,0,0,0,0,0,0,0,0,0,0,0,0,0,0,0,0,0,0,0,0,0,0,0,0,0,0,0,0,0,0,0,0,0,0,0,0,0,0,0,0,1,1,2,4,5,6,7,8,7,7,7,6
0,0,0,0,0,0,0,0,0,0,0,0,0,0,0,0,0,0,0,0,0,0,0,0,0,0,0,0,0,0,0,0,0,0,0,0,0,0,0,0,0,0,0,0,0,0,0,0,0,0,0,0,0,0,0,0,0,0,0,0,0,0,0,0,0,0,0,0,0,0,0,0,0,0,0,0,0,0,0,0,0,0,0,0,0,0,0,0,0,0,0,0,0,0,0,0,0,0,0,0,0,0,0,0,0,0,0,0,0,0,0,0,0,0,0,0,0,0,0,0,0,0,0,0,0,0,0,0,0,0,0,0,0,0,0,0,0,0,0,0,0,0,0,0,0,0,0,0,0,0,0,0,0,0,0,0,0,0,0,0,0,0,0,0,0,0,0,0,0,0,0,0,0,1,2,4,6,8,11,13,16,18,20,22,22,20,18,16
0,0,0,0,0,0,0,0,0,0,0,0,0,0,0,0,0,0,0,0,0,0,0,0,0,0,0,0,0,0,0,0,0,0,0,0,0,0,0,0,0,0,0,0,0,0,0,0,0,0,0,0,0,0,0,0,0,0,0,0,0,0,0,0,0,0,0,0,0,0,0,0,0,0,0,0,0,0,0,0,0,0,0,0,0,0,0,0,0,0,0,0,0,0,0,0,0,0,0,0,0,0,0,0,0,0,0,0,0,0,0,0,0,0,0,0,0,0,0,0,0,0,0,0,0,0,0,0,0,0,0,0,0,0,0,0,0,0,0,0,0,0,0,0,0,0,0,0,0,0,0,0,0,0,0,0,0,0,0,0,0,0,0,0,0,0,0,1,2,3,5,6,8,10,13,16,20,23,26,28,31,34,36,37,36,35,33,29
0,0,0,0,0,0,0,0,0,0,0,0,0,0,0,0,0,0,0,0,0,0,0,0,0,0,0,0,0,0,0,0,0,0,0,0,0,0,0,0,0,0,0,0,0,0,0,0,0,0,0,0,0,0,0,0,0,0,0,0,0,0,0,0,0,0,0,0,0,0,0,0,0,0,0,0,0,0,0,0,0,0,0,0,0,0,0,0,0,0,0,0,0,0,0,0,0,0,0,0,0,0,0,0,0,0,0,0,0,0,0,0,0,0,0,0,0,0,0,0,0,0,0,0,0,0,0,0,0,0,0,0,0,0,0,0,0,0,0,0,0,0,0,0,0,0,0,0,0,0,0,0,0,0,0,0,0,0,0,0,0,0,0,0,0,1,3,5,7,10,13,16,20,24,28,32,36,39,42,45,48,50,52,53,52,50,48,42
0,0,0,0,0,0,0,0,0,0,0,0,0,0,0,0,0,0,0,0,0,0,0,0,0,0,0,0,0,0,0,0,0,0,0,0,0,0,0,0,0,0,0,0,0,0,0,0,0,0,0,0,0,0,0,0,0,0,0,0,0,0,0,0,0,0,0,0,0,0,0,0,0,0,0,0,0,0,0,0,0,0,0,0,0,0,0,0,0,0,0,0,0,0,0,0,0,0,0,0,0,0,0,0,0,0,0,0,0,0,0,0,0,0,0,0,0,0,0,0,0,0,0,0,0,0,0,0,0,0,0,0,0,0,0,0,0,0,0,0,0,0,0,0,0,0,0,0,0,0,0,0,0,0,0,0,0,0,0,0,0,0,0,1,2,5,8,12,16,21,26,31,36,41,46,50,54,57,60,63,65,67,69,69,67,65,62,55
0,0,0,0,0,0,0,0,0,0,0,0,0,0,0,0,0,0,0,0,0,0,0,0,0,0,0,0,0,0,0,0,0,0,0,0,0,0,0,0,0,0,0,0,0,0,0,0,0,0,0,0,0,0,0,0,0,0,0,0,0,0,0,0,0,0,0,0,0,0,0,0,0,0,0,0,0,0,0,0,0,0,0,0,0,0,0,0,0,0,0,0,0,0,0,0,0,0,0,0,0,0,0,0,0,0,0,0,0,0,0,0,0,0,0,0,0,0,0,0,0,0,0,0,0,0,0,0,0,0,0,0,0,0,0,0,0,0,0,0,0,0,0,0,0,0,0,0,0,0,0,0,0,0,0,0,0,0,0,0,0,1,3,5,8,13,18,24,30,36,42,48,54,59,65,69,73,76,79,82,84,85,86,85,82,79,75,66
0,0,0,0,0,0,0,0,0,0,0,0,0,0,0,0,0,0,0,0,0,0,0,0,0,0,0,0,0,0,0,0,0,0,0,0,0,0,0,0,0,0,0,0,0,0,0,0,0,0,0,0,0,0,0,0,0,0,0,0,0,0,0,0,0,0,0,0,0,0,0,0,0,0,0,0,0,0,0,0,0,0,0,0,0,0,0,0,0,0,0,0,0,0,0,0,0,0,0,0,0,0,0,0,0,0,0,0,0,0,0,0,0,0,0,0,0,0,0,0,0,0,0,0,0,0,0,0,0,0,0,0,0,0,0,0,0,0,0,0,0,0,0,0,0,0,0,0,0,0,0,0,0,0,0,0,0,0,0,1,3,5,9,13,17,24,31,39,46,54,61,68,74,79,85,89,93,96,98,100,101,102,102,100,96,92,88,77
0,0,0,0,0,0,0,0,0,0,0,0,0,0,0,0,0,0,0,0,0,0,0,0,0,0,0,0,0,0,0,0,0,0,0,0,0,0,0,0,0,0,0,0,0,0,0,0,0,0,0,0,0,0,0,0,0,0,0,0,0,0,0,0,0,0,0,0,0,0,0,0,0,0,0,0,0,0,0,0,0,0,0,0,0,0,0,0,0,0,0,0,0,0,0,0,0,0,0,0,0,0,0,0,0,0,0,0,0,0,0,0,0,0,0,0,0,0,0,0,0,0,0,0,0,0,0,0,0,0,0,0,0,0,0,0,0,0,0,0,0,0,0,0,0,0,0,0,0,0,0,0,0,0,0,1,2,4,6,8,12,17,22,29,35,43,50,58,65,72,78,83,88,93,97,101,105,108,111,114,115,116,115,114,109,104,98,86
0,0,0,0,0,0,0,0,0,0,0,0,0,0,0,0,0,0,0,0,0,0,0,0,0,0,0,0,0,0,0,0,0,0,0,0,0,0,0,0,0,0,0,0,0,0,0,0,0,0,0,0,0,0,0,0,0,0,0,0,0,0,0,0,0,0,0,0,0,0,0,0,0,0,0,0,0,0,0,0,0,0,0,0,0,0,0,0,0,0,0,0,0,0,0,0,0,0,0,0,0,0,0,0,0,0,0,0,0,0,0,0,0,0,0,0,0,0,0,0,0,0,0,0,0,0,0,0,0,0,0,0,0,0,0,0,0,0,0,0,0,0,0,0,0,0,0,0,0,0,0,0,0,1,2,5,8,11,15,20,26,33,40,47,54,61,67,73,79,85,89,93,96,99,102,106,110,115,119,122,124,125,125,123,119,114,107,92
0,0,0,0,0,0,0,0,0,0,0,0,0,0,0,0,0,0,0,0,0,0,0,0,0,0,0,0,0,0,0,0,0,0,0,0,0,0,0,0,0,0,0,0,0,0,0,0,0,0,0,0,0,0,0,0,0,0,0,0,0,0,0,0,0,0,0,0,0,0,0,0,0,0,0,0,0,0,0,0,0,0,0,0,0,0,0,0,0,0,0,0,0,0,0,0,0,0,0,0,0,0,0,0,0,0,0,0,0,0,0,0,0,0,0,0,0,0,0,0,0,0,0,0,0,0,0,0,0,0,0,0,0,0,0,0,0,0,0,0,0,0,0,0,0,0,0,0,0,0,0,1,2,5,8,12,17,23,29,36,43,50,57,63,69,75,81,86,91,96,99,102,105,106,109,112,116,121,126,128,129,130,130,129,125,120,112,95
0,0,0,0,0,0,0,0,0,0,0,0,0,0,0,0,0,0,0,0,0,0,0,0,0,0,0,0,0,0,0,0,0,0,0,0,0,0,0,0,0,0,0,0,0,0,0,0,0,0,0,0,0,0,0,0,0,0,0,0,0,0,0,0,0,0,0,0,0,0,0,0,0,0,0,0,0,0,0,0,0,0,0,0,0,0,0,0,0,0,0,0,0,0,0,0,0,0,0,0,0,0,0,0,0,0,0,0,0,0,0,0,0,0,0,0,0,0,0,0,0,0,0,0,0,0,0,0,0,0,0,0,0,0,0,0,0,0,0,0,0,0,0,0,0,0,0,0,0,0,0,2,6,10,15,21,28,36,44,52,60,67,73,78,84,90,94,99,105,109,113,116,117,117,118,120,122,126,128,128,128,128,129,129,127,123,115,97
0,0,0,0,0,0,0,0,0,0,0,0,0,0,0,0,0,0,0,0,0,0,0,0,0,0,0,0,0,0,0,0,0,0,0,0,0,0,0,0,0,0,0,0,0,0,0,0,0,0,0,0,0,0,0,0,0,0,0,0,0,0,0,0,0,0,0,0,0,0,0,0,0,0,0,0,0,0,0,0,0,0,0,0,0,0,0,0,0,0,0,0,0,0,0,0,0,0,0,0,0,0,0,0,0,0,0,0,0,0,0,0,0,0,0,0,0,0,0,0,0,0,0,0,0,0,0,0,0,0,0,0,0,0,0,0,0,0,0,0,0,0,0,0,0,0,0,2,3,4,7,11,16,23,30,37,45,52,60,69,78,85,91,97,102,109,115,121,126,130,133,134,133,132,129,128,128,130,132,131,130,128,127,126,124,121,113,96
0,0,0,0,0,0,0,0,0,0,0,0,0,0,0,0,0,0,0,0,0,0,0,0,0,0,0,0,0,0,0,0,0,0,0,0,0,0,0,0,0,0,0,0,0,0,0,0,0,0,0,0,0,0,0,0,0,0,0,0,0,0,0,0,0,0,0,0,0,0,0,0,0,0,0,0,0,0,0,0,0,0,0,0,0,0,0,0,0,0,0,0,0,0,0,0,0,0,0,0,0,0,0,0,0,0,0,0,0,0,0,0,0,0,0,0,0,0,0,0,0,0,0,0,0,0,0,0,0,0,0,0,0,0,0,0,0,0,0,0,0,0,0,0,0,0,3,5,9,12,16,23,30,37,45,53,61,70,78,88,97,104,111,117,124,131,137,141,143,144,144,144,143,141,137,133,131,133,134,132,130,128,126,123,120,117,108,91
0,0,0,0,0,0,0,0,0,0,0,0,0,0,0,0,0,0,0,0,0,0,0,0,0,0,0,0,0,0,0,0,0,0,0,0,0,0,0,0,0,0,0,0,0,0,0,0,0,0,0,0,0,0,0,0,0,0,0,0,0,0,0,0,0,0,0,0,0,0,0,0,0,0,0,0,0,0,0,0,0,0,0,0,0,0,0,0,0,0,0,0,0,0,0,0,0,0,0,0,0,0,0,0,0,0,0,0,0,0,0,0,0,0,0,0,0,0,0,0,0,0,0,0,0,0,0,0,0,0,0,0,0,0,0,0,0,0,0,0,0,0,0,0,2,4,8,13,18,24,30,37,45,53,62,71,80,89,98,107,116,124,132,138,144,150,152,153,153,153,152,152,150,149,142,136,134,135,136,133,131,127,124,120,117,112,102,85
0,0,0,0,0,0,0,0,0,0,0,0,0,0,0,0,0,0,0,0,0,0,0,0,0,0,0,0,0,0,0,0,0,0,0,0,0,0,0,0,0,0,0,0,0,0,0,0,0,0,0,0,0,0,0,0,0,0,0,0,0,0,0,0,0,0,0,0,0,0,0,0,0,0,0,0,0,0,0,0,0,0,0,0,0,0,0,0,0,0,0,0,0,0,0,0,0,0,0,0,0,0,0,0,0,0,0,0,0,0,0,0,0,0,0,0,0,0,0,0,0,0,0,0,0,0,0,0,0,0,0,0,0,0,0,0,0,0,0,0,0,0,1,4,7,11,17,24,31,38,45,54,63,72,82,91,100,109,118,129,138,145,151,156,159,161,161,160,159,159,159,158,157,156,147,140,137,137,137,134,131,128,123,117,113,108,96,79
0,0,0,0,0,0,0,0,0,0,0,0,0,0,0,0,0,0,0,0,0,0,0,0,0,0,0,0,0,0,0,0,0,0,0,0,0,0,0,0,0,0,0,0,0,0,0,0,0,0,0,0,0,0,0,0,0,0,0,0,0,0,0,0,0,0,0,0,0,0,0,0,0,0,0,0,0,0,0,0,0,0,0,0,0,0,0,0,0,0,0,0,0,0,0,0,0,0,0,0,0,0,0,0,0,0,0,0,0,0,0,0,0,0,0,0,0,0,0,0,0,0,0,0,0,0,0,0,0,0,0,0,0,0,0,0,0,0,0,0,0,2,5,9,14,21,28,36,45,53,62,71,81,90,100,109,119,129,139,149,156,160,164,166,167,168,167,165,163,163,163,163,162,162,152,143,140,140,139,136,132,126,120,114,110,103,90,72
0,0,0,0,0,0,0,0,0,0,0,0,0,0,0,0,0,0,0,0,0,0,0,0,0,0,0,0,0,0,0,0,0,0,0,0,0,0,0,0,0,0,0,0,0,0,0,0,0,0,0,0,0,0,0,0,0,0,0,0,0,0,0,0,0,0,0,0,0,0,0,0,0,0,0,0,0,0,0,0,0,0,0,0,0,0,0,0,0,0,0,0,0,0,0,0,0,0,0,0,0,0,0,0,0,0,0,0,0,0,0,0,0,0,0,0,0,0,0,0,0,0,0,0,0,0,0,0,0,0,0,0,0,0,0,0,0,1,2,4,6,10,16,21,27,34,45,54,63,72,81,91,101,111,121,130,139,148,156,162,166,169,170,170,170,169,168,166,166,167,168,169,169,168,157,148,144,143,141,137,132,126,117,110,105,96,81,64
0,0,0,0,0,0,0,0,0,0,0,0,0,0,0,0,0,0,0,0,0,0,0,0,0,0,0,0,0,0,0,0,0,0,0,0,0,0,0,0,0,0,0,0,0,0,0,0,0,0,0,0,0,0,0,0,0,0,0,0,0,0,0,0,0,0,0,0,0,0,0,0,0,0,0,0,0,0,0,0,0,0,0,0,0,0,0,0,0,0,0,0,0,0,0,0,0,0,0,0,0,0,0,0,0,0,0,0,0,0,0,0,0,0,0,0,0,0,0,0,0,0,0,0,0,0,0,0,0,0,0,0,0,0,0,0,1,4,7,11,16,21,27,34,42,52,63,73,83,92,101,111,121,132,141,148,155,159,163,167,170,171,172,171,171,170,170,170,172,175,177,179,178,176,164,154,148,145,142,137,131,122,112,106,99,88,71,55
0,0,0,0,0,0,0,0,0,0,0,0,0,0,0,0,0,0,0,0,0,0,0,0,0,0,0,0,0,0,0,0,0,0,0,0,0,0,0,0,0,0,0,0,0,0,0,0,0,0,0,0,0,0,0,0,0,0,0,0,0,0,0,0,0,0,0,0,0,0,0,0,0,0,0,0,0,0,0,0,0,0,0,0,0,0,0,0,0,0,0,0,0,0,0,0,0,0,0,0,0,0,0,0,0,0,0,0,0,0,0,0,0,0,0,0,0,0,0,0,0,0,0,0,0,0,0,0,0,0,0,0,0,0,1,3,6,11,16,22,28,35,43,52,61,72,84,94,104,113,122,132,141,149,155,158,161,163,165,168,170,171,172,173,172,174,176,178,181,184,186,187,187,184,170,159,151,147,143,136,127,117,107,101,92,79,62,47
0,0,0,0,0,0,0,0,0,0,0,0,0,0,0,0,0,0,0,0,0,0,0,0,0,0,0,0,0,0,0,0,0,0,0,0,0,0,0,0,0,0,0,0,0,0,0,0,0,0,0,0,0,0,0,0,0,0,0,0,0,0,0,0,0,0,0,0,0,0,0,0,0,0,0,0,0,0,0,0,0,0,0,0,0,0,0,0,0,0,0,0,0,0,0,0,0,0,0,0,0,0,0,0,0,0,0,0,0,0,0,0,0,0,0,0,0,0,0,0,0,0,0,0,0,0,0,0,0,0,0,0,0,2,5,9,14,21,27,34,42,51,61,71,81,91,103,114,124,133,142,150,155,159,162,163,163,164,165,167,170,172,174,175,176,179,181,183,185,187,190,192,191,187,173,162,154,148,142,132,122,111,101,96,84,68,53,38
0,0,0,0,0,0,0,0,0,0,0,0,0,0,0,0,0,0,0,0,0,0,0,0,0,0,0,0,0,0,0,0,0,0,0,0,0,0,0,0,0,0,0,0,0,0,0,0,0,0,0,0,0,0,0,0,0,0,0,0,0,0,0,0,0,0,0,0,0,0,0,0,0,0,0,0,0,0,0,0,0,0,0,0,0,0,0,0,0,0,0,0,0,0,0,0,0,0,0,0,0,0,0,0,0,0,0,0,0,0,0,0,0,0,0,0,0,0,0,0,0,0,0,0,0,0,0,0,0,0,0,0,2,5,10,16,23,31,40,49,58,70,81,91,101,111,122,133,143,152,157,160,163,164,163,161,160,161,164,168,171,174,175,176,177,178,180,182,184,187,189,192,191,187,174,163,154,145,138,127,116,103,94,88,74,58,43,30
0,0,0,0,0,0,0,0,0,0,0,0,0,0,0,0,0,0,0,0,0,0,0,0,0,0,0,0,0,0,0,0,0,0,0,0,0,0,0,0,0,0,0,0,0,0,0,0,0,0,0,0,0,0,0,0,0,0,0,0,0,0,0,0,0,0,0,0,0,0,0,0,0,0,0,0,0,0,0,0,0,0,0,0,0,0,0,0,0,0,0,0,0,0,0,0,0,1,1,1,1,2,2,2,2,2,1,1,1,1,0,0,0,0,0,0,0,0,0,0,0,0,0,0,0,0,0,0,0,0,0,0,4,9,15,22,31,41,52,63,75,89,100,110,120,131,141,149,156,159,161,162,162,160,159,158,160,163,166,168,168,168,168,169,171,173,175,178,182,185,187,188,186,182,171,160,151,142,132,120,108,96,88,79,63,47,34,22
0,0,0,0,0,0,0,0,0,0,0,0,0,0,0,0,0,0,0,0,0,0,0,0,0,0,0,0,0,0,0,0,0,0,0,0,0,0,0,0,0,0,0,0,0,0,0,0,0,0,0,0,0,0,0,0,0,0,0,0,0,0,0,0,0,0,0,0,0,0,0,0,0,0,0,0,0,0,0,0,0,0,0,0,0,0,0,0,0,0,0,1,2,2,3,4,5,7,7,8,9,10,10,10,10,10,9,9,8,7,6,5,4,3,2,1,1,0,0,0,0,0,0,0,0,0,0,0,0,0,0,0,4,11,18,28,39,52,65,78,92,108,120,130,140,148,154,159,160,161,160,158,157,156,155,157,159,160,159,158,158,159,161,163,165,168,171,175,179,183,185,185,182,177,167,157,148,137,126,112,99,88,80,68,52,38,25,14
0,0,0,0,0,0,0,0,0,0,0,0,0,0,0,0,0,0,0,0,0,0,0,0,0,0,0,0,0,0,0,0,0,0,0,0,0,0,0,0,0,0,0,0,0,0,0,0,0,0,0,0,0,0,0,0,0,0,0,0,0,0,0,0,0,0,0,0,0,0,0,0,0,0,0,0,0,0,0,0,0,0,0,0,0,0,0,1,2,3,4,5,7,9,11,12,14,16,17,18,19,20,20,21,20,20,20,19,18,16,15,13,12,10,8,6,4,3,2,1,0,0,0,0,0,0,0,0,0,0,0,0,5,13,23,35,48,63,78,94,110,127,139,147,154,157,159,159,158,156,154,152,151,149,149,148,147,146,146,146,147,150,153,156,160,164,168,173,177,182,183,182,179,173,163,154,144,131,118,103,91,82,71,56,42,29,17,8
0,0,0,0,0,0,0,0,0,0,0,0,0,0,0,0,0,0,0,0,0,0,0,0,0,0,0,0,0,0,0,0,0,0,0,0,0,0,0,0,0,0,0,0,0,0,0,0,0,0,0,0,0,0,0,0,0,0,0,0,0,0,0,0,0,0,0,0,0,0,0,0,0,0,0,0,0,0,0,0,0,0,0,0,1,2,3,4,6,8,11,13,16,18,20,23,25,27,29,30,31,32,32,33,33,32,32,31,30,28,26,24,22,19,17,14,11,8,6,4,3,1,0,0,0,0,0,0,0,0,0,0,5,16,28,42,57,74,91,109,126,142,153,157,159,158,156,153,151,149,146,144,140,137,134,131,131,132,133,134,137,141,145,150,156,161,166,171,177,181,182,180,176,169,160,150,139,124,110,94,83,73,60,45,31,19,9,2
0,0,0,0,0,0,0,0,0,0,0,0,0,0,0,0,0,0,0,0,0,0,0,0,0,0,0,0,0,0,0,0,0,0,0,0,0,0,0,0,0,0,0,0,0,0,0,0,0,0,0,0,0,0,0,0,0,0,0,0,0,0,0,0,0,0,0,0,0,0,0,0,0,0,0,0,0,0,0,0,1,2,3,4,6,8,10,13,16,19,22,25,28,31,34,37,39,42,44,45,46,47,48,48,48,48,47,46,45,43,41,39,36,33,30,26,23,20,16,13,10,8,6,4,3,2,1,0,0,0,0,0,5,17,31,47,64,82,101,120,136,147,154,154,152,148,145,144,143,140,134,129,124,120,117,115,116,118,120,123,127,132,139,146,152,159,165,171,176,180,179,176,172,163,153,142,129,113,98,83,74,62,47,33,21,11,3,0
0,0,0,0,0,0,0,0,0,0,0,0,0,0,0,0,0,0,0,0,0,0,0,0,0,0,0,0,0,0,0,0,0,0,0,0,0,0,0,0,0,0,0,0,0,0,0,0,0,0,0,0,0,0,0,0,0,0,0,0,0,0,0,0,0,0,0,0,0,0,0,0,0,0,0,0,0,0,1,3,4,6,8,11,14,17,20,24,28,31,35,38,42,46,49,52,56,58,60,62,63,64,64,65,64,64,63,62,61,59,57,54,51,48,44,40,36,32,28,24,21,17,13,10,8,6,4,2,1,0,0,0,5,17,33,51,69,88,106,122,134,141,146,145,141,139,137,133,127,121,115,111,107,103,101,100,102,105,108,113,119,126,133,142,150,159,165,170,174,177,175,171,165,155,144,131,116,102,87,74,65,51,36,23,13,5,0,0
0,0,0,0,0,0,0,0,0,0,0,0,0,0,0,0,0,0,0,0,0,0,0,0,0,0,0,0,0,0,0,0,0,0,0,0,0,0,0,0,0,0,0,0,0,0,0,0,0,0,0,0,0,0,0,0,0,0,0,0,0,0,0,0,0,0,0,0,0,0,0,0,0,0,0,0,1,2,4,6,9,12,16,19,23,28,32,36,41,45,49,54,58,62,66,69,73,75,77,79,80,81,82,82,82,81,80,79,78,76,74,71,68,64,60,55,50,46,41,37,32,28,23,19,15,12,9,6,4,2,1,0,5,18,35,53,71,88,103,115,124,130,134,135,131,128,121,114,108,103,98,94,91,88,86,85,89,94,99,105,112,121,130,140,150,159,165,169,172,174,171,166,158,147,135,120,105,91,77,67,55,39,25,14,6,0,0,0
0,0,0,0,0,0,0,0,0,0,0,0,0,0,0,0,0,0,0,0,0,0,0,0,0,0,0,0,0,0,0,0,0,0,0,0,0,0,0,0,0,0,0,0,0,0,0,0,0,0,0,0,0,0,0,0,0,0,0,0,0,0,0,0,0,0,0,0,0,0,0,0,0,0,1,2,4,6,9,12,16,21,25,30,35,40,45,50,56,61,65,70,75,79,83,87,90,93,95,97,98,99,99,100,99,99,98,97,95,93,91,88,85,80,75,70,65,60,55,50,45,40,34,29,24,20,15,11,8,5,3,1,5,17,34,51,68,83,94,103,111,118,122,122,117,109,102,96,90,85,81,78,76,73,73,73,78,85,91,98,107,117,128,140,150,160,165,168,170,171,167,160,150,139,124,108,94,80,68,58,43,28,16,6,1,0,0,0
0,0,0,0,0,0,0,0,0,0,0,0,0,0,0,0,0,0,0,0,0,0,0,0,0,0,0,0,0,0,0,0,0,0,0,0,0,0,0,0,0,0,0,0,0,0,0,0,0,0,0,0,0,0,0,0,0,0,0,0,0,0,0,0,0,0,0,0,0,0,0,0,1,2,3,5,8,12,16,20,26,31,36,42,48,54,60,66,71,77,82,87,92,97,102,105,108,111,113,114,116,116,117,117,117,117,116,115,113,111,108,105,102,97,91,86,80,75,70,64,58,52,46,40,34,29,23,18,13,9,6,3,6,16,31,46,61,73,83,93,101,107,108,105,97,90,83,78,73,69,66,64,62,61,61,62,69,77,85,94,105,116,128,141,152,161,164,167,168,168,162,153,142,129,112,97,83,72,60,46,31,18,8,2,0,0,0,0
0,0,0,0,0,0,0,0,0,0,0,0,0,0,0,0,0,0,0,0,0,0,0,0,0,0,0,0,0,0,0,0,0,0,0,0,0,0,0,0,0,0,0,0,0,0,0,0,0,0,0,0,0,0,0,0,0,0,0,0,0,0,0,0,0,0,0,0,0,0,1,2,4,6,9,12,16,21,26,32,38,44,51,57,64,71,77,84,90,96,102,107,112,117,121,124,127,130,132,133,134,135,136,136,136,136,135,134,133,131,128,124,120,115,109,103,97,91,85,79,73,67,61,54,48,41,34,28,22,17,13,9,8,15,27,40,52,63,74,83,89,89,87,83,77,70,65,60,57,54,52,51,50,50,51,55,63,73,83,93,105,118,132,145,155,162,165,167,167,165,156,144,132,117,101,86,73,62,48,33,20,10,2,0,0,0,0,0
0,0,0,0,0,0,0,0,0,0,0,0,0,0,0,0,0,0,0,0,0,0,0,0,0,0,0,0,0,0,0,0,0,0,0,0,0,0,0,0,0,0,0,0,0,0,0,0,0,0,0,0,0,0,0,0,0,0,0,0,0,0,0,0,0,0,0,0,0,2,3,6,8,12,16,20,26,32,38,45,52,59,66,74,81,89,96,103,109,116,122,127,132,136,140,142,144,147,148,150,151,152,153,153,153,153,153,152,151,149,146,142,137,132,126,119,113,108,101,95,88,82,75,68,61,54,47,40,33,26,20,15,12,16,25,37,46,56,64,69,70,70,68,63,58,52,48,45,42,41,40,40,41,42,45,50,61,72,83,95,108,123,137,149,158,163,165,165,163,158,147,134,120,105,89,75,64,51,36,22,12,4,0,0,0,0,0,0
0,0,0,0,0,0,0,0,0,0,0,0,0,0,0,0,0,0,0,0,0,0,0,0,0,0,0,0,0,0,0,0,0,0,0,0,0,0,0,0,0,0,0,0,0,0,0,0,0,0,0,0,0,0,0,0,0,0,0,0,0,0,0,0,0,0,0,1,2,4,7,11,15,19,25,30,37,44,51,59,67,75,83,92,100,107,115,122,129,135,140,145,148,152,155,157,159,161,163,164,166,166,167,168,168,168,168,168,167,165,162,158,154,148,142,135,129,124,117,110,103,97,90,82,75,67,60,52,44,36,29,22,18,19,26,34,41,46,50,52,53,52,49,45,40,37,34,32,31,30,31,33,35,37,42,49,61,73,86,99,113,128,142,152,160,164,164,162,157,150,137,123,108,92,77,65,53,38,24,13,5,0,0,0,0,0,0,0
0,0,0,0,0,0,0,0,0,0,0,0,0,0,0,0,0,0,0,0,0,0,0,0,0,0,0,0,0,0,0,0,0,0,0,0,0,0,0,0,0,0,0,0,0,0,0,0,0,0,0,0,0,0,0,0,0,0,0,0,0,0,0,0,0,0,0,2,5,8,11,16,21,28,34,41,49,57,65,73,83,92,101,109,117,125,132,138,145,150,155,159,162,165,167,170,172,174,175,177,178,179,180,180,181,181,181,181,180,178,175,171,167,162,156,150,144,138,132,125,118,111,104,96,88,80,72,64,56,47,39,31,24,23,26,31,34,36,37,38,38,36,33,29,26,24,22,22,23,24,26,29,32,36,42,50,63,76,90,104,119,134,147,156,162,164,162,158,150,140,125,110,94,79,67,55,41,26,14,5,1,0,0,0,0,0,0,0
0,0,0,0,0,0,0,0,0,0,0,0,0,0,0,0,0,0,0,0,0,0,0,0,0,0,0,0,0,0,0,0,0,0,0,0,0,0,0,0,0,0,0,0,0,0,0,0,0,0,0,0,0,0,0,0,0,0,0,0,0,0,0,0,0,0,2,4,8,12,17,23,30,37,45,54,63,72,80,89,99,109,118,125,133,140,146,153,159,164,168,172,175,177,179,181,183,185,187,188,189,190,191,192,193,193,193,193,191,189,186,182,178,173,168,163,157,152,145,138,131,124,117,110,101,93,85,76,67,58,49,40,32,27,27,28,29,29,28,27,25,23,20,18,16,15,16,17,18,20,23,27,31,37,44,53,67,82,96,111,126,141,151,158,162,163,159,151,140,127,111,95,80,69,57,43,28,16,7,1,0,0,0,0,0,0,0,0
0,0,0,0,0,0,0,0,0,0,0,0,0,0,0,0,0,0,0,0,0,0,0,0,0,0,0,0,0,0,0,0,0,0,0,0,0,0,0,0,0,0,0,0,0,0,0,0,0,0,0,0,0,0,0,0,0,0,0,0,0,0,0,0,1,2,5,9,14,19,25,33,41,50,59,69,79,88,98,107,116,125,132,140,147,154,161,167,173,177,181,184,186,188,190,192,194,196,197,199,200,201,202,204,204,204,204,203,201,198,195,191,188,183,178,173,168,163,157,151,144,138,132,124,115,107,99,90,81,71,62,52,43,36,33,30,28,25,22,19,16,14,12,12,11,11,12,13,15,18,21,27,33,40,49,60,75,90,105,120,135,148,157,161,163,160,152,141,129,114,97,81,69,59,44,30,18,8,1,0,0,0,0,0,0,0,0,0
0,0,0,0,0,0,0,0,0,0,0,0,0,0,0,0,0,0,0,0,0,0,0,0,0,0,0,0,0,0,0,0,0,0,0,0,0,0,0,0,0,0,0,0,0,0,0,0,0,0,0,0,0,0,0,0,0,0,0,0,0,0,0,2,4,6,10,15,21,28,36,45,55,64,75,85,95,105,114,122,131,139,146,154,161,168,174,180,185,189,191,194,196,198,200,202,204,206,207,209,210,211,213,214,214,214,213,211,209,206,203,200,197,192,188,183,178,173,167,162,156,151,145,137,129,120,112,103,94,85,75,65,55,46,39,34,29,24,20,15,12,9,8,7,6,7,9,11,14,17,21,28,35,44,55,67,83,99,114,129,143,154,161,162,161,155,144,131,117,101,84,70,60,46,31,19,9,2,0,0,0,0,0,0,0,0,0,0
0,0,0,0,0,0,0,0,0,0,0,0,0,0,0,0,0,0,0,0,0,0,0,0,0,0,0,0,0,0,0,0,0,0,0,0,0,0,0,0,0,0,0,0,0,0,0,0,0,0,0,0,0,0,0,0,0,0,0,0,0,0,1,4,7,10,15,22,29,38,47,58,69,80,91,102,111,120,128,136,144,152,160,167,175,181,187,192,196,198,200,203,205,207,209,211,213,215,217,218,220,221,222,223,223,222,221,219,216,214,211,208,205,200,196,191,187,182,177,172,167,162,156,149,141,133,125,116,108,98,88,78,68,57,48,40,33,27,20,15,11,7,5,4,3,5,7,10,13,17,22,30,39,50,63,76,92,108,123,137,150,158,161,160,156,145,132,118,103,88,71,60,47,32,19,10,3,0,0,0,0,0,0,0,0,0,0,0
0,0,0,0,0,0,0,0,0,0,0,0,0,0,0,0,0,0,0,0,0,0,0,0,0,0,0,0,0,0,0,0,0,0,0,0,0,0,0,0,0,0,0,0,0,0,0,0,0,0,0,0,0,0,0,0,0,0,0,0,0,1,3,7,11,15,22,30,39,50,61,73,85,96,108,117,125,134,141,150,158,166,173,180,187,193,198,202,205,207,209,211,213,215,218,220,222,224,225,227,228,230,231,231,230,229,227,225,222,220,217,215,211,208,203,199,195,191,186,182,177,172,166,159,152,145,137,129,121,112,102,92,81,70,59,49,40,32,24,17,11,6,3,2,2,3,6,10,14,19,25,35,45,58,72,86,102,117,131,144,155,160,159,155,146,133,119,104,89,73,61,48,32,19,9,3,0,0,0,0,0,0,0,0,0,0,0,0
0,0,0,0,0,0,0,0,0,0,0,0,0,0,0,0,0,0,0,0,0,0,0,0,0,0,0,0,0,0,0,0,0,0,0,0,0,0,0,0,0,0,0,0,0,0,0,0,0,0,0,0,0,0,0,0,0,0,0,0,1,3,7,12,17,23,32,42,53,64,77,90,102,113,122,131,139,148,156,164,172,179,186,193,199,203,207,210,212,215,217,219,222,224,227,229,230,232,234,236,237,238,238,237,236,234,232,230,228,226,223,221,218,214,210,206,203,199,194,190,186,180,175,169,162,156,149,142,134,126,116,107,96,85,73,61,50,39,30,21,14,8,4,2,2,4,7,11,17,23,31,42,55,69,84,99,114,128,141,152,158,159,154,145,133,119,104,88,73,60,47,33,20,10,4,0,0,0,0,0,0,0,0,0,0,0,0,0
0,0,0,0,0,0,0,0,0,0,0,0,0,0,0,0,0,0,0,0,0,0,0,0,0,0,0,0,0,0,0,0,0,0,0,0,0,0,0,0,0,0,0,0,0,0,0,0,0,0,0,0,0,0,0,0,0,0,0,2,4,7,12,19,25,33,43,55,67,80,93,106,117,127,136,144,153,161,169,177,184,191,197,203,208,212,215,217,219,222,224,227,230,232,235,237,238,240,242,243,244,244,243,242,240,238,236,234,232,230,228,226,223,219,216,213,209,206,202,197,193,188,183,177,171,165,159,154,147,140,132,123,112,100,87,74,61,49,38,27,19,12,8,5,5,6,10,15,22,30,39,52,66,81,96,111,125,138,148,156,157,153,144,132,119,104,87,72,59,47,34,21,11,3,0,0,0,0,0,0,0,0,0,0,0,0,0,0
0,0,0,0,0,0,0,0,0,0,0,0,0,0,0,0,0,0,0,0,0,0,0,0,0,0,0,0,0,0,0,0,0,0,0,0,0,0,0,0,0,0,0,0,0,0,0,0,0,0,0,0,0,0,0,0,0,0,2,4,7,12,18,26,35,44,56,69,83,96,109,121,131,140,149,158,167,175,182,189,196,202,207,212,216,219,221,224,226,229,232,235,238,240,242,244,246,248,249,250,250,249,248,246,244,242,240,238,237,234,233,230,228,225,221,218,215,212,208,204,200,195,190,184,179,174,169,164,160,154,146,138,127,115,101,88,74,60,47,35,25,18,13,10,8,9,13,20,28,38,49,63,79,94,109,122,135,145,153,156,152,144,132,118,105,88,72,58,47,33,21,11,3,0,0,0,0,0,0,0,0,0,0,0,0,0,0,0
0,0,0,0,0,0,0,0,0,0,0,0,0,0,0,0,0,0,0,0,0,0,0,0,0,0,0,0,0,0,0,0,0,0,0,0,0,0,0,0,0,0,0,0,0,0,0,0,0,0,0,0,0,0,0,0,0,1,3,7,12,17,26,35,45,57,71,85,99,112,124,135,144,154,163,171,180,187,194,200,206,211,216,220,222,225,228,230,233,236,239,242,245,248,250,252,254,255,255,255,255,253,251,249,247,246,244,242,241,239,237,234,232,229,227,224,221,218,214,210,206,201,196,191,187,183,179,175,171,166,161,153,142,129,116,101,86,70,55,43,32,24,18,14,13,13,18,26,36,47,60,76,92,106,120,133,144,151,154,152,145,133,118,105,89,72,58,47,33,19,10,3,0,0,0,0,0,0,0,0,0,0,0,0,0,0,0,0
0,0,0,0,0,0,0,0,0,0,0,0,0,0,0,0,0,0,0,0,0,0,0,0,0,0,0,0,0,0,0,0,0,0,0,0,0,0,0,0,0,0,0,0,0,0,0,0,0,0,0,0,0,0,0,0,0,2,6,11,17,24,34,45,57,70,86,101,115,127,138,148,158,167,176,184,192,199,205,211,216,220,223,226,228,231,234,237,240,244,248,251,253,255,255,255,255,255,255,255,255,255,254,253,251,249,248,246,245,242,241,238,236,234,231,229,226,223,219,215,211,206,202,198,194,191,188,185,183,179,174,167,156,143,129,114,98,81,65,51,39,30,24,19,18,19,24,33,45,58,73,89,104,119,132,143,151,153,151,144,133,118,104,88,72,57,45,32,19,9,3,0,0,0,0,0,0,0,0,0,0,0,0,0,0,0,0,0
0,0,0,0,0,0,0,0,0,0,0,0,0,0,0,0,0,0,0,0,0,0,0,0,0,0,0,0,0,0,0,0,0,0,0,0,0,0,0,0,0,0,0,0,0,0,0,0,0,0,0,0,0,0,0,0,1,4,9,16,23,32,44,57,72,87,104,118,130,141,151,162,172,181,189,196,203,209,215,219,223,226,229,231,234,238,241,245,249,252,255,255,255,255,255,255,255,255,255,255,255,255,255,255,255,253,252,250,249,246,244,242,240,238,236,233,230,227,223,219,215,211,207,204,202,200,198,196,194,191,186,180,169,156,141,125,109,92,75,60,47,38,31,27,25,27,34,44,57,72,88,104,118,132,143,151,154,151,144,133,118,103,87,71,58,44,31,18,8,3,0,0,0,0,0,0,0,0,0,0,0,0,0,0,0,0,0,0
0,0,0,0,0,0,0,0,0,0,0,0,0,0,0,0,0,0,0,0,0,0,0,0,0,0,0,0,0,0,0,0,0,0,0,0,0,0,0,0,0,0,0,0,0,0,0,0,0,0,0,0,0,0,0,1,3,7,14,21,31,41,55,71,87,103,119,132,143,154,165,175,184,192,200,207,213,218,222,226,229,231,234,237,241,245,249,253,255,255,255,255,255,255,255,255,255,255,255,255,255,255,255,255,255,255,255,254,252,250,248,246,244,242,239,236,233,230,226,222,218,215,212,210,209,208,207,206,205,202,197,190,179,167,152,136,120,103,85,70,56,46,39,35,34,37,45,56,71,87,102,118,131,143,152,155,152,145,134,119,104,86,70,57,44,30,18,9,2,0,0,0,0,0,0,0,0,0,0,0,0,0,0,0,0,0,0,0
0,0,0,0,0,0,0,0,0,0,0,0,0,0,0,0,0,0,0,0,0,0,0,0,0,0,0,0,0,0,0,0,0,0,0,0,0,0,0,0,0,0,0,0,0,0,0,0,0,0,0,0,0,0,0,2,5,11,19,29,40,53,69,86,103,120,134,145,157,167,177,187,195,203,210,216,221,225,228,230,233,236,240,244,248,252,255,255,255,255,255,255,255,255,255,255,255,255,255,255,255,255,255,255,255,255,255,255,255,254,252,250,248,245,242,239,236,232,228,225,222,219,217,216,216,216,216,216,215,211,206,199,189,176,162,147,131,113,95,79,65,54,48,45,45,48,58,71,86,102,116,131,142,151,155,153,146,134,119,104,87,69,56,44,29,17,8,1,0,0,0,0,0,0,0,0,0,0,0,0,0,0,0,0,0,0,0,0
0,0,0,0,0,0,0,0,0,0,0,0,0,0,0,0,0,0,0,0,0,0,0,0,0,0,0,0,0,0,0,0,0,0,0,0,0,0,0,0,0,0,0,0,0,0,0,0,0,0,0,0,0,0,1,5,9,17,27,38,51,66,84,102,120,134,147,158,169,180,189,198,206,213,219,223,227,230,232,235,238,242,246,251,255,255,255,255,255,255,255,255,255,255,255,255,255,255,255,255,255,255,255,255,255,255,255,255,255,255,255,254,251,248,245,241,238,234,231,228,225,224,223,223,224,225,226,226,224,220,214,207,196,184,170,156,140,122,104,87,72,62,57,54,55,60,72,86,101,116,130,142,151,155,154,147,135,120,104,88,70,56,44,29,16,7,1,0,0,0,0,0,0,0,0,0,0,0,0,0,0,0,0,0,0,0,0,0
0,0,0,0,0,0,0,0,0,0,0,0,0,0,0,0,0,0,0,0,0,0,0,0,0,0,0,0,0,0,0,0,0,0,0,0,0,0,0,0,0,0,0,0,0,0,0,0,0,0,0,0,0,1,4,8,14,24,35,49,65,81,100,118,134,147,159,170,181,191,200,208,215,221,225,228,231,234,237,240,244,249,254,255,255,255,255,255,255,255,255,255,255,255,255,255,255,255,255,255,255,255,255,255,255,255,255,255,255,255,255,255,254,251,247,243,240,236,233,231,230,229,230,231,233,234,235,234,231,227,221,213,202,190,177,163,148,130,111,94,79,70,65,64,66,73,85,99,114,128,141,151,155,153,147,135,121,105,89,72,56,42,28,15,6,1,0,0,0,0,0,0,0,0,0,0,0,0,0,0,0,0,0,0,0,0,0,0
0,0,0,0,0,0,0,0,0,0,0,0,0,0,0,0,0,0,0,0,0,0,0,0,0,0,0,0,0,0,0,0,0,0,0,0,0,0,0,0,0,0,0,0,0,0,0,0,0,0,0,0,1,3,7,13,21,33,46,62,79,97,115,133,147,159,171,182,192,201,209,216,222,226,230,232,235,239,242,246,251,255,255,255,255,255,255,255,255,255,255,255,255,255,255,255,255,255,255,255,255,255,255,255,255,255,255,255,255,255,255,255,255,252,249,245,242,239,237,236,236,237,239,241,242,243,243,241,238,233,226,218,207,194,181,167,152,134,116,99,85,77,74,74,79,87,100,114,128,140,150,155,153,146,135,122,105,87,70,56,43,29,16,6,1,0,0,0,0,0,0,0,0,0,0,0,0,0,0,0,0,0,0,0,0,0,0,0
0,0,0,0,0,0,0,0,0,0,0,0,0,0,0,0,0,0,0,0,0,0,0,0,0,0,0,0,0,0,0,0,0,0,0,0,0,0,0,0,0,0,0,0,0,0,0,0,0,0,0,0,2,6,11,19,28,42,58,75,93,112,130,146,159,171,182,192,202,210,217,223,227,230,233,237,240,245,249,254,255,255,255,255,255,255,255,255,255,255,255,255,255,255,255,255,255,255,255,255,255,255,255,255,255,255,255,255,255,255,255,255,255,254,250,247,244,242,242,243,244,246,248,250,251,251,250,247,243,237,230,222,210,197,184,169,154,136,119,103,91,84,83,86,91,100,114,127,138,148,153,152,145,134,121,106,88,70,56,44,29,16,7,1,0,0,0,0,0,0,0,0,0,0,0,0,0,0,0,0,0,0,0,0,0,0,0,0
0,0,0,0,0,0,0,0,0,0,0,0,0,0,0,0,0,0,0,0,0,0,0,0,0,0,0,0,0,0,0,0,0,0,0,0,0,0,0,0,0,0,0,0,0,0,0,0,0,0,0,0,4,9,16,26,37,53,69,88,107,127,144,158,170,182,193,202,210,217,222,227,231,234,238,242,246,251,255,255,255,255,255,255,255,255,255,255,255,255,255,255,255,255,255,255,255,255,255,255,255,255,255,255,255,255,255,255,255,255,255,255,255,255,252,249,248,247,248,251,253,255,255,255,255,255,255,253,248,241,234,225,213,199,185,170,154,138,122,107,96,91,92,96,102,113,126,137,146,152,151,144,133,119,105,89,70,55,43,28,15,6,0,0,0,0,0,0,0,0,0,0,0,0,0,0,0,0,0,0,0,0,0,0,0,0,0,0
0,0,0,0,0,0,0,0,0,0,0,0,0,0,0,0,0,0,0,0,0,0,0,0,0,0,0,0,0,0,0,0,0,0,0,0,0,0,0,0,0,0,0,0,0,0,0,0,0,0,0,1,6,13,22,33,46,63,82,101,122,141,156,169,181,192,202,210,217,223,227,231,235,239,243,248,253,255,255,255,255,255,255,255,255,255,255,255,255,255,255,255,255,255,255,255,255,255,255,255,255,255,255,255,255,255,255,255,255,255,255,255,255,255,254,253,253,254,255,255,255,255,255,255,255,255,255,255,251,244,236,227,214,200,185,169,153,138,123,111,101,98,100,106,115,126,137,146,150,149,142,131,118,104,87,71,55,42,27,15,6,1,0,0,0,0,0,0,0,0,0,0,0,0,0,0,0,0,0,0,0,0,0,0,0,0,0,0
0,0,0,0,0,0,0,0,0,0,0,0,0,0,0,0,0,0,0,0,0,0,0,0,0,0,0,0,0,0,0,0,0,0,0,0,0,0,0,0,0,0,0,0,0,0,0,0,0,0,0,3,10,18,29,43,58,76,96,117,137,154,167,180,192,202,210,217,223,227,232,236,241,246,251,255,255,255,255,255,255,255,255,255,255,255,255,255,255,255,255,255,255,255,255,255,255,255,255,255,255,255,255,255,255,255,255,255,255,255,255,255,255,255,255,255,255,255,255,255,255,255,255,255,255,255,255,255,253,245,236,226,211,196,181,165,150,136,124,114,108,107,112,119,128,138,145,149,147,141,129,115,101,84,68,53,40,27,15,5,1,0,0,0,0,0,0,0,0,0,0,0,0,0,0,0,0,0,0,0,0,0,0,0,0,0,0,0
0,0,0,0,0,0,0,0,0,0,0,0,0,0,0,0,0,0,0,0,0,0,0,0,0,0,0,0,0,0,0,0,0,0,0,0,0,0,0,0,0,0,0,0,0,0,0,0,0,0,2,6,15,25,38,53,70,90,111,132,151,165,178,190,200,209,216,222,227,232,237,242,248,253,255,255,255,255,255,255,255,255,255,255,255,255,255,255,255,255,255,255,255,255,255,255,255,255,255,255,255,255,255,255,255,255,255,255,255,255,255,255,255,255,255,255,255,255,255,255,255,255,255,255,255,255,255,255,254,244,233,221,206,191,175,160,146,133,124,118,114,117,124,132,139,145,148,146,139,127,113,97,81,65,51,38,26,14,5,0,0,0,0,0,0,0,0,0,0,0,0,0,0,0,0,0,0,0,0,0,0,0,0,0,0,0,0,0
0,0,0,0,0,0,0,0,0,0,0,0,0,0,0,0,0,0,0,0,0,0,0,0,0,0,0,0,0,0,0,0,0,0,0,0,0,0,0,0,0,0,0,0,0,0,0,0,0,0,4,10,20,32,47,64,83,104,125,146,163,176,188,198,207,214,221,227,232,237,242,249,255,255,255,255,255,255,255,255,255,255,255,255,255,255,255,255,255,255,255,255,255,255,255,255,255,255,255,255,255,255,255,255,255,255,255,255,255,255,255,255,255,255,255,255,255,255,255,255,255,255,255,255,255,255,255,255,252,241,229,215,199,184,169,154,140,131,125,121,121,128,136,142,147,149,146,138,126,111,95,77,61,49,36,24,13,5,0,0,0,0,0,0,0,0,0,0,0,0,0,0,0,0,0,0,0,0,0,0,0,0,0,0,0,0,0,0
0,0,0,0,0,0,0,0,0,0,0,0,0,0,0,0,0,0,0,0,0,0,0,0,0,0,0,0,0,0,0,0,0,0,0,0,0,0,0,0,0,0,0,0,0,0,0,0,0,1,6,14,26,40,57,75,95,117,139,158,173,184,195,204,212,219,225,231,237,242,248,255,255,255,255,255,255,255,255,255,255,255,255,255,255,255,255,255,255,255,255,255,255,255,255,255,255,255,255,255,255,255,255,255,255,255,255,255,255,255,255,255,255,255,255,255,255,255,255,255,255,255,255,255,255,255,255,255,250,237,223,208,191,176,161,147,135,128,125,125,131,140,147,151,152,148,139,126,111,94,76,59,47,34,22,11,4,0,0,0,0,0,0,0,0,0,0,0,0,0,0,0,0,0,0,0,0,0,0,0,0,0,0,0,0,0,0,0
0,0,0,0,0,0,0,0,0,0,0,0,0,0,0,0,0,0,0,0,0,0,0,0,0,0,0,0,0,0,0,0,0,0,0,0,0,0,0,0,0,0,0,0,0,0,0,0,0,3,9,18,33,49,67,86,107,129,151,168,181,192,201,210,217,224,230,236,242,248,255,255,255,255,255,255,255,255,255,255,255,255,255,255,255,255,255,255,255,255,255,255,255,255,255,255,255,255,255,255,255,255,255,255,255,255,255,255,255,255,255,255,255,255,255,255,255,255,255,255,255,255,255,255,255,255,255,255,246,231,215,198,182,166,152,139,130,127,128,134,144,153,157,157,152,142,128,112,94,76,58,45,32,19,9,3,0,0,0,0,0,0,0,0,0,0,0,0,0,0,0,0,0,0,0,0,0,0,0,0,0,0,0,0,0,0,0,0
0,0,0,0,0,0,0,0,0,0,0,0,0,0,0,0,0,0,0,0,0,0,0,0,0,0,0,0,0,0,0,0,0,0,0,0,0,0,0,0,0,0,0,0,0,0,0,0,1,5,13,24,40,58,77,98,119,142,162,176,188,198,207,216,223,229,236,242,249,255,255,255,255,255,255,255,255,255,255,255,255,255,255,255,255,255,255,255,255,255,255,255,255,255,255,255,255,255,255,255,255,255,255,255,255,255,255,255,255,255,255,255,255,255,255,255,255,255,255,255,255,255,255,255,255,255,255,254,237,221,204,187,171,157,145,135,130,131,137,147,157,164,164,158,147,132,115,97,78,61,45,30,17,8,2,0,0,0,0,0,0,0,0,0,0,0,0,0,0,0,0,0,0,0,0,0,0,0,0,0,0,0,0,0,0,0,0,0
0,0,0,0,0,0,0,0,0,0,0,0,0,0,0,0,0,0,0,0,0,0,0,0,0,0,0,0,0,0,0,0,0,0,0,0,0,0,0,0,0,0,0,0,0,0,0,0,2,8,17,30,48,66,86,108,129,152,170,183,195,204,213,222,229,235,242,248,255,255,255,255,255,255,255,255,255,255,255,255,255,255,255,255,255,255,255,255,255,255,255,255,255,255,255,255,255,255,255,255,255,255,255,255,255,255,255,255,255,255,255,255,255,255,255,255,255,255,255,255,255,255,255,255,255,255,255,244,227,209,192,175,159,148,140,133,134,141,150,159,168,171,166,154,139,121,101,82,64,48,31,16,6,1,0,0,0,0,0,0,0,0,0,0,0,0,0,0,0,0,0,0,0,0,0,0,0,0,0,0,0,0,0,0,0,0,0,0
0,0,0,0,0,0,0,0,0,0,0,0,0,0,0,0,0,0,0,0,0,0,0,0,0,0,0,0,0,0,0,0,0,0,0,0,0,0,0,0,0,0,0,0,0,0,0,0,3,11,22,37,55,75,96,118,140,162,177,190,201,210,219,228,234,241,248,254,255,255,255,255,255,255,255,255,255,255,255,255,255,255,255,255,255,255,255,255,255,255,255,255,255,255,255,255,255,255,255,255,255,255,255,255,255,255,255,255,255,255,255,255,255,255,255,255,255,255,255,255,255,255,255,255,255,255,252,234,215,197,179,163,150,142,137,136,144,153,162,171,177,174,164,148,130,110,88,70,53,35,18,6,0,0,0,0,0,0,0,0,0,0,0,0,0,0,0,0,0,0,0,0,0,0,0,0,0,0,0,0,0,0,0,0,0,0,0,0
0,0,0,0,0,0,0,0,0,0,0,0,0,0,0,0,0,0,0,0,0,0,0,0,0,0,0,0,0,0,0,0,0,0,0,0,0,0,0,0,0,0,0,0,0,0,0,1,6,15,28,44,63,84,106,128,150,170,184,196,207,216,225,233,240,247,254,255,255,255,255,255,255,255,255,255,255,255,255,255,255,255,255,255,255,255,255,255,255,255,255,255,255,255,255,255,255,255,255,255,255,255,255,255,255,255,255,255,255,255,255,255,255,255,255,255,255,255,255,255,255,255,255,255,255,255,241,221,202,183,166,152,142,138,138,145,156,166,175,180,181,174,160,141,121,99,79,61,41,23,10,2,0,0,0,0,0,0,0,0,0,0,0,0,0,0,0,0,0,0,0,0,0,0,0,0,0,0,0,0,0,0,0,0,0,0,0,0
0,0,0,0,0,0,0,0,0,0,0,0,0,0,0,0,0,0,0,0,0,0,0,0,0,0,0,0,0,0,0,0,0,0,0,0,0,0,0,0,0,0,0,0,0,0,0,2,8,19,34,51,71,93,115,137,159,177,191,202,213,222,230,238,245,252,255,255,255,255,255,255,255,255,255,255,255,255,255,255,255,255,255,255,255,255,255,255,255,255,255,255,255,255,255,255,255,255,255,255,255,255,255,255,255,255,255,255,255,255,255,255,255,255,255,255,255,255,255,255,255,255,255,255,255,246,227,207,188,170,155,143,138,141,148,158,170,178,184,185,181,171,155,134,113,91,71,50,32,17,7,2,0,0,0,0,0,0,0,0,0,0,0,0,0,0,0,0,0,0,0,0,0,0,0,0,0,0,0,0,0,0,0,0,0,0,0,0
0,0,0,0,0,0,0,0,0,0,0,0,0,0,0,0,0,0,0,0,0,0,0,0,0,0,0,0,0,0,0,0,0,0,0,0,0,0,0,0,0,0,0,0,0,0,0,3,11,23,40,58,79,102,124,147,169,185,198,209,219,227,235,243,249,255,255,255,255,255,255,255,255,255,255,255,255,255,255,255,255,255,255,255,255,255,255,255,255,255,255,255,255,255,255,255,255,255,255,255,255,255,255,255,255,255,255,255,255,255,255,255,255,255,255,255,255,255,255,255,255,255,255,255,250,230,210,190,174,159,148,141,143,150,161,171,181,187,189,186,180,168,151,129,106,85,64,44,28,16,7,2,0,0,0,0,0,0,0,0,0,0,0,0,0,0,0,0,0,0,0,0,0,0,0,0,0,0,0,0,0,0,0,0,0,0,0,0
0,0,0,0,0,0,0,0,0,0,0,0,0,0,0,0,0,0,0,0,0,0,0,0,0,0,0,0,0,0,0,0,0,0,0,0,0,0,0,0,0,0,0,0,0,0,0,5,14,28,46,65,87,110,133,156,177,191,204,214,224,232,240,247,254,255,255,255,255,255,255,255,255,255,255,255,255,255,255,255,255,255,255,255,255,255,255,255,255,255,255,255,255,255,255,255,255,255,255,255,255,255,255,255,255,255,255,255,255,255,255,255,255,255,255,255,255,255,255,255,255,255,255,253,233,213,194,175,163,152,146,145,153,163,174,184,191,193,191,186,179,165,148,125,102,80,60,42,27,16,8,2,0,0,0,0,0,0,0,0,0,0,0,0,0,0,0,0,0,0,0,0,0,0,0,0,0,0,0,0,0,0,0,0,0,0,0,0
0,0,0,0,0,0,0,0,0,0,0,0,0,0,0,0,0,0,0,0,0,0,0,0,0,0,0,0,0,0,0,0,0,0,0,0,0,0,0,0,0,0,0,0,0,0,0,6,17,33,51,71,95,118,141,164,184,197,209,219,228,236,244,251,255,255,255,255,255,255,255,255,255,255,255,255,255,255,255,255,255,255,255,255,255,255,255,255,255,255,255,255,255,255,255,255,255,255,255,255,255,255,255,255,255,255,255,255,255,255,255,255,255,255,255,255,255,255,255,255,255,255,255,235,214,195,177,163,154,149,149,155,166,177,187,194,197,196,192,186,177,164,146,123,99,78,58,42,28,17,8,2,0,0,0,0,0,0,0,0,0,0,0,0,0,0,0,0,0,0,0,0,0,0,0,0,0,0,0,0,0,0,0,0,0,0,0,0
0,0,0,0,0,0,0,0,0,0,0,0,0,0,0,0,0,0,0,0,0,0,0,0,0,0,0,0,0,0,0,0,0,0,0,0,0,0,0,0,0,0,0,0,0,0,0,8,21,38,57,78,102,125,148,170,190,203,214,224,233,241,248,255,255,255,255,255,255,255,255,255,255,255,255,255,255,255,255,255,255,255,255,255,255,255,255,255,255,255,255,255,255,255,255,255,255,255,255,255,255,255,255,255,255,255,255,255,255,255,255,255,255,255,255,255,255,255,255,255,255,255,236,215,195,178,164,154,150,151,159,169,181,191,198,201,201,198,193,186,176,163,145,121,98,78,59,43,29,17,8,2,0,0,0,0,0,0,0,0,0,0,0,0,0,0,0,0,0,0,0,0,0,0,0,0,0,0,0,0,0,0,0,0,0,0,0,0
0,0,0,0,0,0,0,0,0,0,0,0,0,0,0,0,0,0,0,0,0,0,0,0,0,0,0,0,0,0,0,0,0,0,0,0,0,0,0,0,0,0,0,0,0,0,0,9,24,42,62,83,107,131,154,176,195,208,219,229,237,245,252,255,255,255,255,255,255,255,255,255,255,255,255,255,255,255,255,255,255,255,255,255,255,255,255,255,255,255,255,255,255,255,255,255,255,255,255,255,255,255,255,255,255,255,255,255,255,255,255,255,255,255,255,255,255,255,255,255,253,233,214,195,178,165,155,152,154,163,174,185,195,201,205,205,203,200,193,186,177,163,144,121,100,79,60,44,29,17,8,2,0,0,0,0,0,0,0,0,0,0,0,0,0,0,0,0,0,0,0,0,0,0,0,0,0,0,0,0,0,0,0,0,0,0,0,0
0,0,0,0,0,0,0,0,0,0,0,0,0,0,0,0,0,0,0,0,0,0,0,0,0,0,0,0,0,0,0,0,0,0,0,0,0,0,0,0,0,0,0,0,0,0,0,11,27,45,66,88,112,136,159,181,200,212,223,232,241,248,255,255,255,255,255,255,255,255,255,255,255,255,255,255,255,255,255,255,255,255,255,255,255,255,255,255,255,255,255,255,255,255,255,255,255,255,255,255,255,255,255,255,255,255,255,255,255,255,255,255,255,255,255,255,255,255,255,251,231,211,193,177,165,157,153,157,166,177,188,198,204,207,208,207,205,201,195,187,178,164,147,124,101,80,61,44,29,17,8,2,0,0,0,0,0,0,0,0,0,0,0,0,0,0,0,0,0,0,0,0,0,0,0,0,0,0,0,0,0,0,0,0,0,0,0,0
0,0,0,0,0,0,0,0,0,0,0,0,0,0,0,0,0,0,0,0,0,0,0,0,0,0,0,0,0,0,0,0,0,0,0,0,0,0,0,0,0,0,0,0,0,0,0,13,29,49,70,92,117,141,164,186,204,216,227,236,243,250,255,255,255,255,255,255,255,255,255,255,255,255,255,255,255,255,255,255,255,255,255,255,255,255,255,255,255,255,255,255,255,255,255,255,255,255,255,255,255,255,255,255,255,255,255,255,255,255,255,255,255,255,255,255,255,255,249,229,209,190,175,164,157,155,159,169,180,192,201,207,210,211,211,210,208,203,197,189,180,167,149,125,102,80,60,43,28,16,7,2,0,0,0,0,0,0,0,0,0,0,0,0,0,0,0,0,0,0,0,0,0,0,0,0,0,0,0,0,0,0,0,0,0,0,0,0
0,0,0,0,0,0,0,0,0,0,0,0,0,0,0,0,0,0,0,0,0,0,0,0,0,0,0,0,0,0,0,0,0,0,0,0,0,0,0,0,0,0,0,0,0,0,0,14,31,51,73,96,121,146,169,190,208,220,230,238,245,252,255,255,255,255,255,255,255,255,255,255,255,255,255,255,255,255,255,255,255,255,255,255,255,255,255,255,255,255,255,255,255,255,255,255,255,255,255,255,255,255,255,255,255,255,255,255,255,255,255,255,255,255,255,255,255,247,226,206,188,172,161,156,155,161,171,184,195,204,210,212,213,214,214,212,210,206,200,193,183,169,149,125,102,80,59,42,27,16,7,1,0,0,0,0,0,0,0,0,0,0,0,0,0,0,0,0,0,0,0,0,0,0,0,0,0,0,0,0,0,0,0,0,0,0,0,0
0,0,0,0,0,0,0,0,0,0,0,0,0,0,0,0,0,0,0,0,0,0,0,0,0,0,0,0,0,0,0,0,0,0,0,0,0,0,0,0,0,0,0,0,0,0,0,15,33,54,76,100,125,150,173,194,211,222,232,239,246,252,255,255,255,255,255,255,255,255,255,255,255,255,255,255,255,255,255,255,255,255,255,255,255,255,255,255,255,255,255,255,255,255,255,255,255,255,255,255,255,255,255,255,255,255,255,255,255,255,255,255,255,255,255,255,245,224,203,185,170,159,154,156,164,175,187,199,208,213,215,217,217,217,217,216,214,209,204,196,185,169,149,125,101,78,58,41,27,15,6,1,0,0,0,0,0,0,0,0,0,0,0,0,0,0,0,0,0,0,0,0,0,0,0,0,0,0,0,0,0,0,0,0,0,0,0,0
0,0,0,0,0,0,0,0,0,0,0,0,0,0,0,0,0,0,0,0,0,0,0,0,0,0,0,0,0,0,0,0,0,0,0,0,0,0,0,0,0,0,0,0,0,0,0,16,35,56,79,102,128,152,175,196,213,223,232,239,246,251,255,255,255,255,255,255,255,255,255,255,255,255,255,255,255,255,255,255,255,255,255,255,255,255,255,255,255,255,255,255,255,255,255,255,255,255,255,255,255,255,255,255,255,255,255,255,255,255,255,255,255,255,255,242,221,202,182,168,157,153,157,167,178,191,203,210,215,218,220,221,220,220,220,220,218,214,207,197,186,169,148,123,99,76,56,40,26,14,5,0,0,0,0,0,0,0,0,0,0,0,0,0,0,0,0,0,0,0,0,0,0,0,0,0,0,0,0,0,0,0,0,0,0,0,0,0
0,0,0,0,0,0,0,0,0,0,0,0,0,0,0,0,0,0,0,0,0,0,0,0,0,0,0,0,0,0,0,0,0,0,0,0,0,0,0,0,0,0,0,0,0,0,0,16,35,57,80,103,129,153,175,196,212,223,231,238,245,250,255,255,255,255,255,255,255,255,255,255,255,255,255,255,255,255,255,255,255,255,255,255,255,255,255,255,255,255,255,255,255,255,255,255,255,255,255,255,255,255,255,255,255,255,255,255,255,255,255,255,255,255,239,218,200,183,168,158,155,160,170,182,194,205,213,217,221,223,224,225,225,225,225,225,222,216,208,197,185,168,146,121,97,74,55,38,24,13,4,0,0,0,0,0,0,0,0,0,0,0,0,0,0,0,0,0,0,0,0,0,0,0,0,0,0,0,0,0,0,0,0,0,0,0,0,0
0,0,0,0,0,0,0,0,0,0,0,0,0,0,0,0,0,0,0,0,0,0,0,0,0,0,0,0,0,0,0,0,0,0,0,0,0,0,0,0,0,0,0,0,0,0,0,17,36,57,81,104,129,153,175,195,212,222,231,238,244,249,255,255,255,255,255,255,255,255,255,255,255,255,255,255,255,255,255,255,255,255,255,255,255,255,255,255,255,255,255,255,255,255,255,255,255,255,255,255,255,255,255,255,255,255,255,255,255,255,255,255,255,234,215,196,180,167,158,157,163,173,187,199,208,215,219,222,226,228,229,229,230,230,231,229,225,217,208,197,185,166,143,118,94,72,53,37,22,11,3,0,0,0,0,0,0,0,0,0,0,0,0,0,0,0,0,0,0,0,0,0,0,0,0,0,0,0,0,0,0,0,0,0,0,0,0,0
0,0,0,0,0,0,0,0,0,0,0,0,0,0,0,0,0,0,0,0,0,0,0,0,0,0,0,0,0,0,0,0,0,0,0,0,0,0,0,0,0,0,0,0,0,0,0,17,36,57,81,104,129,152,174,195,211,221,230,237,243,249,254,255,255,255,255,255,255,255,255,255,255,255,255,255,255,255,255,255,255,255,255,255,255,255,255,255,255,255,255,255,255,255,255,255,255,255,255,255,255,255,255,255,255,255,255,255,255,255,255,251,230,209,192,177,165,157,159,167,178,191,203,212,218,222,225,228,230,232,233,235,236,237,235,231,226,218,208,196,183,163,139,114,91,70,51,35,21,10,2,0,0,0,0,0,0,0,0,0,0,0,0,0,0,0,0,0,0,0,0,0,0,0,0,0,0,0,0,0,0,0,0,0,0,0,0,0
0,0,0,0,0,0,0,0,0,0,0,0,0,0,0,0,0,0,0,0,0,0,0,0,0,0,0,0,0,0,0,0,0,0,0,0,0,0,0,0,0,0,0,0,0,0,0,17,36,57,80,103,128,152,174,194,210,220,228,236,242,248,254,255,255,255,255,255,255,255,255,255,255,255,255,255,255,255,255,255,255,255,255,255,255,255,255,255,255,255,255,255,255,255,255,255,255,255,255,255,255,255,255,255,255,255,255,255,255,255,245,225,205,186,174,164,159,160,170,182,194,206,215,220,224,228,230,233,236,238,240,242,242,240,237,232,226,217,207,194,180,160,136,111,88,67,48,32,19,8,1,0,0,0,0,0,0,0,0,0,0,0,0,0,0,0,0,0,0,0,0,0,0,0,0,0,0,0,0,0,0,0,0,0,0,0,0,0
0,0,0,0,0,0,0,0,0,0,0,0,0,0,0,0,0,0,0,0,0,0,0,0,0,0,0,0,0,0,0,0,0,0,0,0,0,0,0,0,0,0,0,0,0,0,0,17,35,57,80,103,128,151,173,192,209,219,227,235,241,247,253,255,255,255,255,255,255,255,255,255,255,255,255,255,255,255,255,255,255,255,255,255,255,255,255,255,255,255,255,255,255,255,255,255,255,255,255,255,255,255,255,255,255,255,255,255,255,239,220,203,186,173,165,162,164,174,187,199,210,218,224,228,232,234,236,239,242,244,246,247,245,242,237,232,225,216,205,192,177,156,132,108,85,64,46,30,17,6,0,0,0,0,0,0,0,0,0,0,0,0,0,0,0,0,0,0,0,0,0,0,0,0,0,1,1,1,1,1,1,1,1,1,1,0,0,0
0,0,0,0,0,0,0,0,0,0,0,0,0,0,0,0,0,0,0,0,0,0,0,0,0,0,0,0,0,0,0,0,0,0,0,0,0,0,0,0,0,0,0,0,0,0,0,16,35,56,79,102,127,150,171,191,207,217,226,234,240,246,252,255,255,255,255,255,255,255,255,255,255,255,255,255,255,255,255,255,255,255,255,255,255,255,255,255,255,255,255,255,255,255,255,255,255,255,255,255,255,255,255,255,255,255,255,250,231,214,198,183,171,164,163,169,180,192,204,214,221,227,232,236,238,241,243,246,249,251,251,250,247,242,237,231,224,214,202,189,174,153,128,104,82,61,43,27,15,5,0,0,0,0,0,0,0,0,0,0,0,0,0,0,0,0,0,0,0,0,0,0,0,0,0,1,1,1,1,1,1,1,1,1,1,0,0,0
0,0,0,0,0,0,0,0,0,0,0,0,0,0,0,0,0,0,0,0,0,0,0,0,0,0,0,0,0,0,0,0,0,0,0,0,0,0,0,0,0,0,0,0,0,0,0,16,35,56,78,101,126,148,170,190,206,216,225,233,240,245,251,255,255,255,255,255,255,255,255,255,255,255,255,255,255,255,255,255,255,255,255,255,255,255,255,255,255,255,255,255,255,255,255,255,255,255,255,255,255,255,255,255,255,255,243,224,206,192,179,168,162,165,172,184,197,209,218,225,230,235,239,242,245,247,250,253,255,255,254,252,247,242,237,230,222,211,199,186,171,148,124,100,78,57,39,24,12,4,0,0,0,0,0,0,0,0,0,0,0,0,0,0,0,0,0,0,0,0,0,0,0,0,0,1,1,1,1,1,1,1,1,1,1,0,0,0
0,0,0,0,0,0,0,0,0,0,0,0,0,0,0,0,0,0,0,0,0,0,0,0,0,0,0,0,0,0,0,0,0,0,0,0,0,0,0,0,0,0,0,0,0,0,0,16,35,55,78,100,124,147,169,188,205,215,224,232,239,245,251,255,255,255,255,255,255,255,255,255,255,255,255,255,255,255,255,255,255,255,255,255,255,255,255,255,255,255,255,255,255,255,255,255,255,255,255,255,255,255,255,255,255,238,217,198,183,172,165,161,163,175,186,200,213,221,228,233,237,241,246,248,251,255,255,255,255,255,255,252,247,242,236,228,219,208,196,183,167,144,119,96,73,53,36,22,11,3,0,0,0,0,0,0,0,0,0,0,0,0,0,0,0,0,0,0,0,0,0,0,0,0,0,1,1,1,1,1,1,1,1,1,1,0,0,0
0,0,0,0,0,0,0,0,0,0,0,0,0,0,0,0,0,0,0,0,0,0,0,0,0,0,0,0,0,0,0,0,0,0,0,0,0,0,0,0,0,0,0,0,0,2,4,19,38,58,80,102,126,149,170,189,203,214,223,231,238,244,249,255,255,255,255,255,255,255,255,255,255,255,255,255,255,255,255,255,255,255,255,255,255,255,255,255,255,255,255,255,255,255,255,255,255,255,255,255,255,255,255,252,232,213,194,178,167,161,161,168,179,192,205,217,226,232,237,241,245,249,253,255,255,255,255,255,255,255,255,252,247,241,233,225,216,205,193,179,162,138,113,90,68,48,32,18,8,1,0,0,0,0,0,0,0,0,0,0,0,0,0,0,0,0,0,0,0,0,0,0,0,0,0,1,1,1,1,1,1,1,1,1,0,0,0,0
0,0,0,0,0,0,0,0,0,0,0,0,0,0,0,0,0,0,0,0,0,0,0,0,0,0,0,0,0,0,0,0,0,0,0,0,0,0,0,0,0,0,0,0,2,5,10,25,43,63,84,107,131,153,172,189,202,213,222,230,237,243,248,253,255,255,255,255,255,255,255,255,255,255,255,255,255,255,255,255,255,255,255,255,255,255,255,255,255,255,255,255,255,255,255,255,255,255,255,255,255,255,242,224,207,190,175,164,160,162,172,183,195,208,219,228,235,240,245,249,252,255,255,255,255,255,255,255,255,255,255,251,245,238,231,222,213,202,190,174,156,131,106,83,62,43,28,15,6,1,0,0,0,0,0,0,0,0,0,0,0,0,0,0,0,0,0,0,0,0,0,0,0,0,0,1,1,1,1,1,1,1,1,1,0,0,0,0
0,0,0,0,0,0,0,0,0,0,0,0,0,0,0,0,0,0,0,0,0,0,0,0,0,0,0,0,0,0,0,0,0,0,0,0,0,0,0,0,0,0,0,2,6,11,17,32,49,69,91,113,137,157,175,190,202,212,221,229,235,241,246,250,255,255,255,255,255,255,255,255,255,255,255,255,255,255,255,255,255,255,255,255,255,255,255,255,255,255,255,255,255,255,255,255,255,255,255,255,251,232,214,199,186,173,164,160,164,175,188,200,212,221,230,236,243,247,252,255,255,255,255,255,255,255,255,255,255,255,255,250,243,236,228,220,210,199,185,168,149,123,99,76,56,38,23,12,4,0,0,0,0,0,0,0,0,0,0,0,0,0,0,0,0,0,0,0,0,0,0,0,0,0,0,1,1,1,1,1,1,1,1,0,0,0,0,0
0,0,0,0,0,0,0,0,0,0,0,0,0,0,0,0,0,0,0,0,0,0,0,0,0,0,0,0,0,0,0,0,0,0,0,0,0,0,0,0,0,0,2,6,12,18,25,40,58,77,99,120,143,161,177,191,201,211,220,227,234,239,244,248,253,255,255,255,255,255,255,255,255,255,255,255,255,255,255,255,255,255,255,255,255,255,255,255,255,255,255,255,255,255,255,255,255,255,255,242,223,206,191,178,169,162,161,167,178,192,205,216,224,231,238,244,250,254,255,255,255,255,255,255,255,255,255,255,255,255,253,247,240,233,225,217,207,195,180,161,140,115,91,69,49,33,18,8,2,0,0,0,0,0,0,0,0,0,0,0,0,0,0,0,0,0,0,0,0,0,0,0,0,0,0,1,1,1,1,1,1,1,0,0,0,0,0,0
0,0,0,0,0,0,0,0,0,0,0,0,0,0,0,0,0,0,0,0,0,0,0,0,0,0,0,0,0,0,0,0,0,0,0,0,0,0,0,0,0,2,6,12,19,26,35,51,68,88,108,128,148,164,178,189,199,208,217,225,231,236,241,246,251,255,255,255,255,255,255,255,255,255,255,255,255,255,255,255,255,255,255,255,255,255,255,255,255,255,255,255,255,255,255,255,255,255,235,214,197,183,171,164,160,163,172,183,197,210,220,228,234,239,246,252,255,255,255,255,255,255,255,255,255,255,255,255,255,255,250,244,237,230,222,214,203,190,173,154,131,106,83,62,43,27,14,5,0,0,0,0,0,0,0,0,0,0,0,0,0,0,0,0,0,0,0,0,0,0,0,0,0,0,0,1,1,1,1,1,1,0,0,0,0,0,0,0
0,0,0,0,0,0,0,0,0,0,0,0,0,0,0,0,0,0,0,0,0,0,0,0,0,0,0,0,0,0,0,0,0,0,0,0,0,0,1,2,4,8,13,21,30,40,51,68,84,101,119,137,155,168,179,188,198,206,215,223,230,235,241,246,252,255,255,255,255,255,255,255,255,255,255,255,255,255,255,255,255,255,255,255,255,255,255,255,255,255,255,255,255,255,255,255,247,228,210,191,177,166,159,160,167,177,190,203,214,224,232,238,243,248,254,255,255,255,255,255,255,255,255,255,255,255,255,255,255,253,247,241,234,227,219,209,198,183,165,143,120,96,74,54,36,21,9,2,0,0,0,0,0,0,0,0,0,0,0,0,0,0,0,0,0,0,0,0,0,0,0,0,0,0,0,1,1,1,1,0,0,0,0,0,0,0,0,0
0,0,0,0,0,0,0,0,0,0,0,0,0,0,0,0,0,0,0,0,0,0,0,0,0,0,0,0,0,0,0,0,0,0,0,0,0,0,2,5,10,15,21,31,43,55,68,84,99,114,130,145,160,170,178,188,196,205,214,222,229,235,242,248,255,255,255,255,255,255,255,255,255,255,255,255,255,255,255,255,255,255,255,255,255,255,255,255,255,255,255,255,255,255,252,236,220,203,187,174,165,160,162,171,182,195,208,218,226,234,241,247,252,255,255,255,255,255,255,255,255,255,255,255,255,255,255,255,255,249,243,238,231,224,215,204,192,175,155,133,110,86,65,45,29,15,5,0,0,0,0,0,0,0,0,0,0,0,0,0,0,0,0,0,0,0,0,0,0,0,0,0,0,0,0,0,0,0,0,0,0,0,0,0,0,0,0,0
0,0,0,0,0,0,0,0,0,0,0,0,0,0,0,0,0,0,0,0,0,0,0,0,0,0,0,0,0,0,0,0,0,0,0,0,0,1,5,10,16,23,31,43,57,71,86,102,114,126,140,151,162,169,177,186,193,202,212,221,229,236,243,251,255,255,255,255,255,255,255,255,255,255,255,255,255,255,255,255,255,255,255,255,255,255,255,255,255,255,255,255,255,241,223,209,195,181,170,163,161,166,175,188,201,213,222,230,237,245,251,255,255,255,255,255,255,255,255,255,255,255,255,255,255,255,255,255,252,246,240,235,228,220,210,198,184,165,144,121,98,75,55,37,21,10,2,0,0,0,0,0,0,0,0,0,0,0,0,0,0,0,0,0,0,0,0,0,0,0,0,0,0,0,0,0,0,0,0,0,0,0,0,0,0,0,0,0
0,0,0,0,0,0,0,0,0,0,0,0,0,0,0,0,0,0,0,0,0,0,0,0,0,0,0,0,0,0,0,0,0,0,0,0,1,4,10,17,23,32,43,57,74,89,105,119,128,136,145,152,159,166,174,181,189,199,210,221,230,238,246,254,255,255,255,255,255,255,255,255,255,255,255,255,255,255,255,255,255,255,255,255,255,255,255,255,255,255,255,246,229,212,197,185,174,165,160,162,170,180,193,206,218,227,234,241,248,254,255,255,255,255,255,255,255,255,255,255,255,255,255,255,255,255,255,254,248,243,238,232,224,215,204,191,174,154,133,109,86,64,45,28,15,5,0,0,0,0,0,0,0,0,0,0,0,0,0,0,0,0,0,0,0,0,0,0,0,0,0,0,0,0,0,0,0,0,0,0,0,0,0,0,0,0,0,0
0,0,0,0,0,0,0,0,0,0,0,0,0,0,0,0,0,0,0,0,0,0,0,0,0,0,0,0,0,0,0,0,0,0,0,2,4,9,16,24,33,44,57,74,92,108,123,133,139,141,144,149,155,161,169,175,184,196,208,221,232,241,249,255,255,255,255,255,255,255,255,255,255,255,255,255,255,255,255,255,255,255,255,255,255,255,255,255,255,249,233,217,202,188,176,167,160,157,163,173,185,198,211,221,230,237,244,251,255,255,255,255,255,255,255,255,255,255,255,255,255,255,255,255,255,255,255,251,245,241,235,229,220,209,197,181,163,142,120,96,73,53,35,20,9,2,0,0,0,0,0,0,0,0,0,0,0,0,0,0,0,0,0,0,0,0,0,0,0,0,0,0,0,0,0,0,0,0,0,0,0,0,0,0,0,0,0,0
0,0,0,0,0,0,0,0,0,0,0,0,0,0,0,0,0,0,0,0,0,0,0,0,0,0,0,0,0,0,0,0,0,1,2,6,10,16,26,36,47,61,76,93,111,125,138,143,143,139,138,141,147,154,159,167,177,190,205,220,233,243,252,255,255,255,255,255,255,255,255,255,255,255,255,255,255,255,255,255,255,255,255,255,255,255,255,251,235,220,205,192,180,169,163,158,159,167,178,190,203,214,224,233,240,248,254,255,255,255,255,255,255,255,255,255,255,255,255,255,255,255,255,255,255,255,252,248,243,237,231,224,214,202,187,170,151,129,107,83,61,42,26,13,4,0,0,0,0,0,0,0,0,0,0,0,0,0,0,0,0,0,0,0,0,0,0,0,0,0,0,0,0,0,0,0,0,0,0,0,0,0,0,0,0,0,0,0
0,0,0,0,0,0,0,0,0,0,0,0,0,0,0,0,0,0,0,0,0,0,0,0,0,0,0,0,0,0,0,0,0,3,6,11,17,25,36,49,62,78,94,111,127,139,146,146,140,134,131,132,137,141,148,157,169,184,201,218,233,245,255,255,255,255,255,255,255,255,255,255,255,255,255,255,255,255,255,255,255,255,255,255,255,255,238,222,208,193,182,172,163,158,158,163,173,185,197,209,219,227,236,243,251,255,255,255,255,255,255,255,255,255,255,255,255,255,255,255,255,255,255,255,255,254,250,245,240,234,227,219,207,193,177,159,138,116,92,70,49,31,17,7,1,0,0,0,0,0,0,0,0,0,0,0,0,0,0,0,0,0,0,0,0,0,0,0,0,0,0,0,0,0,0,0,0,0,0,0,0,0,0,0,0,0,0,0
0,0,0,0,0,0,0,0,0,0,0,0,0,0,0,0,0,0,0,0,0,0,0,0,0,0,0,0,0,0,0,0,2,6,12,18,25,34,49,63,79,95,112,127,140,146,148,144,135,128,123,119,121,126,134,145,159,177,196,214,232,246,255,255,255,255,255,255,255,255,255,255,255,255,255,255,255,255,255,255,255,255,255,255,244,226,210,195,183,171,163,158,156,158,166,177,190,203,213,222,230,238,246,253,255,255,255,255,255,255,255,255,255,255,255,255,255,255,255,255,255,255,255,255,255,251,247,242,236,230,222,212,198,183,165,145,124,101,78,57,38,22,10,3,0,0,0,0,0,0,0,0,0,0,0,0,0,0,0,0,0,0,0,0,0,0,0,0,0,0,0,0,0,0,0,0,0,0,0,0,0,0,0,0,0,0,0,0
0,0,0,0,0,0,0,0,0,0,0,0,0,0,0,0,0,0,0,0,0,0,0,0,0,0,0,0,0,0,0,2,6,12,19,26,35,47,63,80,97,113,128,140,147,149,147,140,131,121,109,101,105,111,121,134,151,171,191,210,229,245,255,255,255,255,255,255,255,255,255,255,255,255,255,255,255,255,255,255,255,255,249,233,215,198,183,171,161,155,152,153,159,169,182,195,208,218,225,233,240,248,255,255,255,255,255,255,255,255,255,255,255,255,255,255,255,255,255,255,255,255,255,255,253,249,244,239,232,224,215,204,189,171,152,131,109,86,64,44,27,13,5,0,0,0,0,0,0,0,0,0,0,0,0,0,0,0,0,0,0,0,0,0,0,0,0,0,0,0,0,0,0,0,0,0,0,0,0,0,0,0,0,0,0,0,0,0
0,0,0,0,0,0,0,0,0,0,0,0,0,0,0,0,0,0,0,0,0,0,0,0,0,0,0,0,0,1,3,7,12,19,28,38,49,63,81,98,115,130,140,147,148,146,141,133,122,105,92,84,87,94,106,122,140,161,182,203,222,239,252,255,255,255,255,255,255,255,255,255,255,255,255,255,255,255,255,255,251,236,221,206,191,176,164,154,147,147,154,164,175,187,201,212,222,229,236,244,250,255,255,255,255,255,255,255,255,255,255,255,255,255,255,255,255,255,255,255,255,255,255,254,250,245,240,233,225,216,205,192,175,157,137,115,93,70,50,32,17,7,1,0,0,0,0,0,0,0,0,0,0,0,0,0,0,0,0,0,0,0,0,0,0,0,0,0,0,0,0,0,0,0,0,0,0,0,0,0,0,0,0,0,0,0,0,0
0,0,0,0,0,0,0,0,0,0,0,0,0,0,0,0,0,0,0,0,0,0,0,0,0,0,0,0,1,3,7,13,19,28,39,51,65,81,99,115,129,140,146,148,145,140,135,123,105,88,74,66,69,76,90,108,128,149,171,192,212,230,245,255,255,255,255,255,255,255,255,255,255,255,255,255,255,255,249,236,222,209,195,183,170,160,152,147,149,157,168,180,192,204,215,224,232,239,246,253,255,255,255,255,255,255,255,255,255,255,255,255,255,255,255,255,255,255,255,255,255,255,255,251,246,241,234,226,216,206,193,179,161,141,120,98,76,55,37,22,10,2,0,0,0,0,0,0,0,0,0,0,0,0,0,0,0,0,0,0,0,0,0,0,0,0,0,0,0,0,0,0,0,0,0,0,0,0,0,0,0,0,0,0,0,0,0,0
0,0,0,0,0,0,0,0,0,0,0,0,0,0,0,0,0,0,0,0,0,0,0,0,0,0,0,1,3,7,13,20,27,38,52,66,82,99,116,129,140,146,148,146,139,134,125,107,89,71,57,50,53,61,75,94,113,136,158,180,201,218,234,249,255,255,255,255,255,255,255,255,255,255,255,252,242,231,220,208,195,184,173,163,154,149,147,152,161,172,185,198,208,217,226,234,242,248,254,255,255,255,255,255,255,255,255,255,255,255,255,255,255,255,255,255,255,255,255,255,255,255,252,247,241,235,227,218,207,195,180,164,145,124,102,81,60,41,25,13,4,0,0,0,0,0,0,0,0,0,0,0,0,0,0,0,0,0,0,0,0,0,0,0,0,0,0,0,0,0,0,0,0,0,0,0,0,0,0,0,0,0,0,0,0,0,0,0
0,0,0,0,0,0,0,0,0,0,0,0,0,0,0,0,0,0,0,0,0,0,0,0,0,0,1,3,7,13,20,28,38,51,67,83,99,115,131,141,146,148,146,141,134,125,109,90,72,55,42,36,39,48,61,79,99,122,144,166,187,204,221,236,249,255,255,255,255,255,255,255,249,242,233,224,214,203,193,182,172,164,156,150,148,150,156,166,178,190,202,212,220,228,236,243,250,255,255,255,255,255,255,255,255,255,255,255,255,255,255,255,255,255,255,255,255,255,255,255,255,252,248,242,236,228,219,208,196,181,165,148,127,106,85,64,45,28,15,6,0,0,0,0,0,0,0,0,0,0,0,0,0,0,0,0,0,0,0,0,0,0,0,0,0,0,0,0,0,0,0,0,0,0,0,0,0,0,0,0,0,0,0,0,0,0,0,0
0,0,0,0,0,0,0,0,0,0,0,0,0,0,0,0,0,0,0,0,0,0,0,0,0,1,3,7,12,19,28,38,50,65,83,100,115,130,141,146,148,146,142,135,125,109,92,74,57,42,30,25,29,37,48,64,84,107,129,151,171,189,205,221,233,242,246,247,245,241,236,229,222,214,205,197,187,178,170,163,156,150,147,147,153,161,171,183,196,206,215,223,230,237,245,252,255,255,255,255,255,255,255,255,255,255,255,255,255,255,255,255,255,255,255,255,255,255,255,255,252,248,243,236,228,219,209,197,183,167,149,130,109,88,67,47,31,18,8,2,0,0,0,0,0,0,0,0,0,0,0,0,0,0,0,0,0,0,0,0,0,0,0,0,0,0,0,0,0,0,0,0,0,0,0,0,0,0,0,0,0,0,0,0,0,0,0,0
0,0,0,0,0,0,0,0,0,0,0,0,0,0,0,0,0,0,0,0,0,0,0,0,1,3,7,13,19,29,39,52,66,83,101,116,130,141,147,148,145,141,135,125,110,93,76,59,44,31,21,16,20,26,37,51,68,90,111,131,149,166,183,197,209,217,221,220,218,214,209,202,196,188,181,173,166,160,153,148,145,144,148,156,167,177,189,200,210,218,226,233,239,246,253,255,255,255,255,255,255,255,255,255,255,255,255,255,255,255,255,255,255,255,255,255,255,255,255,251,246,241,235,227,218,207,195,181,165,148,129,110,89,68,49,33,19,9,3,0,0,0,0,0,0,0,0,0,0,0,0,0,0,0,0,0,0,0,0,0,0,0,0,0,0,0,0,0,0,0,0,0,0,0,0,0,0,0,0,0,0,0,0,0,0,0,0,0
0,0,0,0,0,0,0,0,0,0,0,0,0,0,0,0,0,0,0,0,0,0,0,1,3,7,13,20,27,39,52,67,82,99,116,130,140,145,148,144,140,136,126,111,95,78,61,46,33,22,15,11,13,17,26,39,54,73,92,110,128,145,160,173,183,190,194,194,193,189,184,178,172,166,160,156,151,147,144,142,146,152,162,173,184,195,204,213,221,228,236,242,247,253,255,255,255,255,255,255,255,255,255,255,255,255,255,255,255,255,255,255,255,255,255,255,255,255,250,245,239,233,226,216,205,193,179,163,146,128,109,89,69,50,34,21,11,4,0,0,0,0,0,0,0,0,0,0,0,0,0,0,0,0,0,0,0,0,0,0,0,0,0,0,0,0,0,0,0,0,0,0,0,0,0,0,0,0,0,0,0,0,0,0,0,0,0,0
0,0,0,0,0,0,0,0,0,0,0,0,0,0,0,0,0,0,0,0,0,0,1,3,7,13,20,28,38,52,67,83,99,115,130,140,145,148,146,141,137,127,112,96,80,64,49,35,25,17,12,7,7,10,17,29,41,58,75,92,108,124,137,149,158,164,168,170,169,166,162,157,153,149,145,144,142,142,144,148,157,166,178,189,199,207,215,222,230,237,243,249,254,255,255,255,255,255,255,255,255,255,255,255,255,255,255,255,255,255,255,255,255,255,255,255,254,250,244,238,231,223,215,204,191,177,161,144,126,107,88,69,50,34,21,11,4,0,0,0,0,0,0,0,0,0,0,0,0,0,0,0,0,0,0,0,0,0,0,0,0,0,0,0,0,0,0,0,0,0,0,0,0,0,0,0,0,0,0,0,0,0,0,0,0,0,0,0
0,0,0,0,0,0,0,0,0,0,0,0,0,0,0,0,0,0,0,0,0,1,3,7,13,20,28,37,49,66,83,99,115,129,140,145,148,148,145,140,129,114,99,83,67,52,38,27,19,14,9,5,4,5,10,19,30,44,59,75,91,104,117,127,135,141,145,147,147,145,142,140,138,136,136,138,141,146,153,161,172,183,193,202,209,216,223,231,237,243,249,255,255,255,255,255,255,255,255,255,255,255,255,255,255,255,255,255,255,255,255,255,255,255,255,253,249,244,237,230,221,213,203,190,176,160,143,124,105,86,68,50,33,21,11,4,1,0,0,0,0,0,0,0,0,0,0,0,0,0,0,0,0,0,0,0,0,0,0,0,0,0,0,0,0,0,0,0,0,0,0,0,0,0,0,0,0,0,0,0,0,0,0,0,0,0,0,0
0,0,0,0,0,0,0,0,0,0,0,0,0,0,0,0,0,0,0,0,0,3,6,11,19,28,37,48,63,81,99,114,129,139,145,148,149,148,143,133,117,102,86,71,57,42,30,22,16,11,7,4,2,1,5,11,21,33,47,62,75,88,99,109,117,123,127,130,131,130,129,129,129,131,136,144,150,158,167,177,187,196,204,211,217,224,231,237,243,249,255,255,255,255,255,255,255,255,255,255,255,255,255,255,255,255,255,255,255,255,255,255,255,255,252,247,242,236,228,220,211,201,190,175,159,142,123,104,85,67,49,33,20,11,5,1,0,0,0,0,0,0,0,0,0,0,0,0,0,0,0,0,0,0,0,0,0,0,0,0,0,0,0,0,0,0,0,0,0,0,0,0,0,0,0,0,0,0,0,0,0,0,0,0,0,0,0,0
0,0,0,0,0,0,0,0,0,0,0,0,0,0,0,0,0,0,0,1,3,7,12,19,27,38,50,63,80,98,115,129,140,145,149,148,148,146,136,121,105,90,76,61,48,36,27,20,15,11,7,5,3,2,4,9,17,28,40,53,66,78,88,98,105,111,116,120,122,123,125,128,133,140,147,156,164,173,182,189,197,204,211,218,224,230,236,241,248,255,255,255,255,255,255,255,255,255,255,255,255,255,255,255,255,255,255,255,255,255,255,255,253,249,244,238,231,225,216,206,195,183,171,155,138,120,101,82,64,48,33,20,10,4,1,0,0,0,0,0,0,0,0,0,0,0,0,0,0,0,0,0,0,0,0,0,0,0,0,0,0,0,0,0,0,0,0,0,0,0,0,0,0,0,0,0,0,0,0,0,0,0,0,0,0,0,0,0
0,0,0,0,0,0,0,0,0,0,0,0,0,0,0,0,0,0,0,3,6,12,19,27,37,51,64,80,97,114,129,140,146,150,150,148,147,139,125,110,94,80,66,53,41,31,25,19,15,12,9,7,6,6,6,10,15,25,36,48,60,72,82,91,99,105,111,115,119,123,128,136,144,152,161,171,179,186,192,197,203,210,217,224,229,234,240,246,254,255,255,255,255,255,255,255,255,255,255,255,255,255,255,255,255,255,255,255,255,255,253,250,246,240,234,227,220,212,201,190,177,164,150,133,115,97,79,61,46,32,20,11,4,0,0,0,0,0,0,0,0,0,0,0,0,0,0,0,0,0,0,0,0,0,0,0,0,0,0,0,0,0,0,0,0,0,0,0,0,0,0,0,0,0,0,0,0,0,0,0,0,0,0,0,0,0,0,0
0,0,0,0,0,0,0,0,0,0,0,0,0,0,0,0,0,0,2,6,11,18,26,35,48,64,80,96,113,128,140,146,150,152,150,149,142,129,114,99,85,71,58,46,37,29,24,20,16,13,11,10,10,10,11,13,17,26,36,48,59,70,80,89,97,104,110,116,123,131,139,148,157,167,176,184,190,194,199,203,209,216,222,228,232,238,245,252,255,255,255,255,255,255,255,255,255,255,255,255,255,255,255,255,255,255,255,255,253,250,246,242,237,230,223,215,206,197,185,171,157,142,127,110,92,75,58,43,30,19,10,3,0,0,0,0,0,0,0,0,0,0,0,0,0,0,0,0,0,0,0,0,0,0,0,0,0,0,0,0,0,0,0,0,0,0,0,0,0,0,0,0,0,0,0,0,0,0,0,0,0,0,0,0,0,0,0,0
0,0,0,0,0,0,0,0,0,0,0,0,0,0,0,0,0,2,5,10,17,25,34,45,60,78,95,111,126,138,145,150,153,154,152,146,133,119,105,91,77,64,52,42,34,29,25,21,18,16,15,14,15,15,17,19,24,31,41,52,62,73,82,91,100,106,115,124,133,142,151,160,169,178,184,190,195,198,202,207,213,218,224,229,235,242,249,255,255,255,255,255,255,255,255,255,255,255,255,255,255,255,255,255,255,253,251,249,246,243,238,232,226,218,210,200,190,178,165,150,134,119,103,86,69,54,39,27,17,9,3,0,0,0,0,0,0,0,0,0,0,0,0,0,0,0,0,0,0,0,0,0,0,0,0,0,0,0,0,0,0,0,0,0,0,0,0,0,0,0,0,0,0,0,0,0,0,0,0,0,0,0,0,0,0,0,0,0
0,0,0,0,0,0,0,0,0,0,0,0,0,0,0,1,2,5,10,16,24,34,45,58,76,93,110,125,137,145,151,154,156,155,150,139,125,111,97,84,71,59,48,40,35,30,27,24,22,21,21,22,23,25,28,32,37,44,53,62,73,82,91,101,109,117,125,134,142,150,158,165,173,178,182,186,191,195,201,206,212,217,224,230,237,244,250,253,255,255,255,255,255,255,255,255,255,255,255,255,254,253,252,250,248,245,243,240,236,230,224,217,210,200,190,179,167,155,140,124,109,93,79,63,49,36,24,14,8,3,0,0,0,0,0,0,0,0,0,0,0,0,0,0,0,0,0,0,0,0,0,0,0,0,0,0,0,0,0,0,0,0,0,0,0,0,0,0,0,0,0,0,0,0,0,0,0,0,0,0,0,0,0,0,0,0,0,0
0,0,0,0,0,0,0,0,0,0,0,0,0,0,0,2,5,9,15,23,32,44,57,72,91,108,124,136,144,150,155,156,158,156,146,133,119,105,91,78,66,55,45,40,36,32,30,28,28,28,29,31,35,39,43,48,54,61,70,80,89,97,105,114,122,129,137,143,148,152,156,160,164,167,170,174,179,185,191,198,206,214,221,228,235,241,245,247,250,252,253,255,255,255,254,253,252,251,249,248,246,245,244,242,239,236,232,227,222,215,207,199,190,178,167,155,142,129,114,99,84,70,57,44,32,22,13,6,2,0,0,0,0,0,0,0,0,0,0,0,0,0,0,0,0,0,0,0,0,0,0,0,0,0,0,0,0,0,0,0,0,0,0,0,0,0,0,0,0,0,0,0,0,0,0,0,0,0,0,0,0,0,0,0,0,0,0,0
0,0,0,0,0,0,0,0,0,0,0,0,0,0,1,4,8,14,22,30,42,56,72,88,107,122,135,144,150,156,159,159,161,153,140,127,113,100,86,74,63,53,45,41,38,36,35,35,36,38,41,44,49,54,60,66,72,80,89,96,104,111,118,126,134,140,144,146,147,148,147,148,148,149,151,155,160,167,175,184,196,205,214,223,229,233,237,240,242,244,246,246,246,246,245,244,243,242,241,239,238,236,234,231,227,223,217,211,205,196,187,177,166,154,142,129,116,103,88,74,61,49,39,28,19,11,5,2,0,0,0,0,0,0,0,0,0,0,0,0,0,0,0,0,0,0,0,0,0,0,0,0,0,0,0,0,0,0,0,0,0,0,0,0,0,0,0,0,0,0,0,0,0,0,0,0,0,0,0,0,0,0,0,0,0,0,0,0
0,0,0,0,0,0,0,0,0,0,0,0,0,0,2,7,13,20,29,40,53,70,87,103,121,135,144,151,156,160,162,164,160,149,136,123,109,96,83,72,63,54,47,45,44,43,43,45,47,51,55,60,66,72,78,85,92,99,106,113,120,126,132,139,144,146,145,144,141,137,133,130,128,127,128,130,137,145,155,167,180,191,201,209,216,222,226,229,232,234,235,236,236,235,234,234,233,232,231,229,227,224,221,217,211,205,198,191,182,173,162,152,140,127,115,102,90,77,64,52,41,32,24,16,9,4,1,0,0,0,0,0,0,0,0,0,0,0,0,0,0,0,0,0,0,0,0,0,0,0,0,0,0,0,0,0,0,0,0,0,0,0,0,0,0,0,0,0,0,0,0,0,0,0,0,0,0,0,0,0,0,0,0,0,0,0,0,0
0,0,0,0,0,0,0,0,0,0,0,0,0,2,5,11,19,28,37,50,66,84,102,118,133,143,151,157,162,165,166,163,156,145,133,121,107,95,84,74,66,60,55,54,53,54,55,58,62,67,72,78,84,91,97,104,111,117,123,129,135,140,143,146,147,145,141,135,128,121,114,109,105,103,104,107,113,122,134,146,159,170,180,188,196,203,209,214,217,220,221,222,222,222,221,221,220,219,218,215,212,208,203,197,190,182,174,165,156,145,135,124,112,100,88,76,65,53,42,33,24,17,12,6,2,0,0,0,0,0,0,0,0,0,0,0,0,0,0,0,0,0,0,0,0,0,0,0,0,0,0,0,0,0,0,0,0,0,0,0,0,0,0,0,0,0,0,0,0,0,0,0,0,0,0,0,0,0,0,0,0,0,0,0,0,0,0,0
0,0,0,0,0,0,0,0,0,0,0,1,2,5,10,18,27,36,47,62,79,97,115,130,141,149,156,162,168,170,167,161,154,143,132,120,108,97,88,80,74,69,66,66,66,68,71,74,79,84,90,96,103,108,114,120,126,131,136,140,144,145,146,145,143,137,128,119,110,101,92,85,81,80,81,84,92,102,114,125,134,143,152,160,167,174,180,184,188,191,193,194,195,196,196,196,195,194,191,188,184,179,173,167,160,153,145,136,127,117,107,96,85,74,63,52,42,33,25,18,12,7,3,0,0,0,0,0,0,0,0,0,0,0,0,0,0,0,0,0,0,0,0,0,0,0,0,0,0,0,0,0,0,0,0,0,0,0,0,0,0,0,0,0,0,0,0,0,0,0,0,0,0,0,0,0,0,0,0,0,0,0,0,0,0,0,0,0
0,0,0,0,0,0,0,0,0,0,1,3,6,10,16,25,35,46,59,75,92,110,126,137,146,154,160,166,172,172,166,159,152,142,132,121,111,101,94,88,84,80,79,79,81,83,87,91,97,102,108,114,120,124,129,135,139,143,146,147,147,145,141,137,130,121,110,99,88,78,69,62,60,59,60,65,74,84,93,101,110,118,126,133,139,145,150,154,158,161,163,164,166,167,167,167,166,164,161,158,154,149,144,138,131,124,117,109,100,91,81,71,61,51,42,33,25,19,12,8,4,1,0,0,0,0,0,0,0,0,0,0,0,0,0,0,0,0,0,0,0,0,0,0,0,0,0,0,0,0,0,0,0,0,0,0,0,0,0,0,0,0,0,0,0,0,0,0,0,0,0,0,0,0,0,0,0,0,0,0,0,0,0,0,0,0,0,0
0,0,0,0,0,0,0,0,0,0,2,5,9,15,22,33,43,55,70,87,104,121,134,142,150,157,163,172,176,171,164,157,151,142,133,123,115,108,101,97,94,92,93,94,96,100,103,108,114,120,124,129,134,138,142,146,149,150,148,146,143,138,130,123,113,101,89,77,66,57,48,42,39,39,42,48,57,64,72,79,86,94,101,107,113,118,122,126,130,133,135,136,138,138,138,138,136,135,132,129,125,121,116,110,104,97,90,82,75,66,57,48,39,31,24,18,12,8,4,2,0,0,0,0,0,0,0,0,0,0,0,0,0,0,0,0,0,0,0,0,0,0,0,0,0,0,0,0,0,0,0,0,0,0,0,0,0,0,0,0,0,0,0,0,0,0,0,0,0,0,0,0,0,0,0,0,0,0,0,0,0,0,0,0,0,0,0,0
1,1,1,1,1,1,1,1,1,1,1,1,1,1,1,1,1,1,1,1,1,1,1,1,1,1,1,1,1,1,1,1,1,1,1,1,1,1,1,1,1,1,1,1,1,1,1,1,1,1,1,1,1,1,1,1,1,1,1,1,1,1,1,1,1,1,1,1,1,1,1,1,1,1,1,1,1,1,1,1,1,1,1,1,1,1,1,1,1,1,1,1,1,1,1,1,1,1,1,1,1,1,1,1,1,1,1,1,1,1,1,1,1,1,1,1,1,1,1,1,1,1,1,1,1,1,1,1,1,1,1,1,1,1,1,1,1,1,1,1,1,1,1,1,1,1,1,1,1,1,1,1,1,1,1,1,1,1,1,1,1,1,1,1,1,1,1,1,1,1,1,1,1,1,1,1,1,1,1,1,1,1,1,1,1,1,1,1
